Price,Close,Close,Close,Close,Close,Close,Close,Close,Close,Close,Close,Close,Close,Close,Close,Close,Close,Close,Close,Close,Close,Close,Close,Close,Close,Close,Close,Close,Close,Close,Close,Close,Close,Close,Close,Close,Close,Close,Close,Dividends,Dividends,Dividends,Dividends,Dividends,Dividends,Dividends,Dividends,Dividends,Dividends,Dividends,Dividends,Dividends,Dividends,Dividends,Dividends,Dividends,Dividends,Dividends,Dividends,Dividends,Dividends,Dividends,Dividends,Dividends,Dividends,Dividends,Dividends,Dividends,Dividends,Dividends,Dividends,Dividends,Dividends,Dividends,Dividends,Dividends,Dividends,Dividends,High,High,High,High,High,High,High,High,High,High,High,High,High,High,High,High,High,High,High,High,High,High,High,High,High,High,High,High,High,High,High,High,High,High,High,High,High,High,High,Low,Low,Low,Low,Low,Low,Low,Low,Low,Low,Low,Low,Low,Low,Low,Low,Low,Low,Low,Low,Low,Low,Low,Low,Low,Low,Low,Low,Low,Low,Low,Low,Low,Low,Low,Low,Low,Low,Low,Open,Open,Open,Open,Open,Open,Open,Open,Open,Open,Open,Open,Open,Open,Open,Open,Open,Open,Open,Open,Open,Open,Open,Open,Open,Open,Open,Open,Open,Open,Open,Open,Open,Open,Open,Open,Open,Open,Open,Stock Splits,Stock Splits,Stock Splits,Stock Splits,Stock Splits,Stock Splits,Stock Splits,Stock Splits,Stock Splits,Stock Splits,Stock Splits,Stock Splits,Stock Splits,Stock Splits,Stock Splits,Stock Splits,Stock Splits,Stock Splits,Stock Splits,Stock Splits,Stock Splits,Stock Splits,Stock Splits,Stock Splits,Stock Splits,Stock Splits,Stock Splits,Stock Splits,Stock Splits,Stock Splits,Stock Splits,Stock Splits,Stock Splits,Stock Splits,Stock Splits,Stock Splits,Stock Splits,Stock Splits,Stock Splits,Volume,Volume,Volume,Volume,Volume,Volume,Volume,Volume,Volume,Volume,Volume,Volume,Volume,Volume,Volume,Volume,Volume,Volume,Volume,Volume,Volume,Volume,Volume,Volume,Volume,Volume,Volume,Volume,Volume,Volume,Volume,Volume,Volume,Volume,Volume,Volume,Volume,Volume,Volume
Ticker,AUDCAD=X,AUDCHF=X,AUDJPY=X,AUDNZD=X,AUDUSD=X,CADJPY=X,CHFAUD=X,CHFCAD=X,CHFJPY=X,EURAUD=X,EURCAD=X,EURCHF=X,EURGBP=X,EURJPY=X,EURNOK=X,EURNZD=X,EURSEK=X,EURUSD=X,GBPAUD=X,GBPCAD=X,GBPCHF=X,GBPJPY=X,GBPNZD=X,GBPUSD=X,NZDCAD=X,NZDCHF=X,NZDJPY=X,NZDUSD=X,USDCAD=X,USDCHF=X,USDHUF=X,USDJPY=X,USDMXN=X,USDNOK=X,USDPLN=X,USDSEK=X,USDSGD=X,USDTRY=X,USDZAR=X,AUDCAD=X,AUDCHF=X,AUDJPY=X,AUDNZD=X,AUDUSD=X,CADJPY=X,CHFAUD=X,CHFCAD=X,CHFJPY=X,EURAUD=X,EURCAD=X,EURCHF=X,EURGBP=X,EURJPY=X,EURNOK=X,EURNZD=X,EURSEK=X,EURUSD=X,GBPAUD=X,GBPCAD=X,GBPCHF=X,GBPJPY=X,GBPNZD=X,GBPUSD=X,NZDCAD=X,NZDCHF=X,NZDJPY=X,NZDUSD=X,USDCAD=X,USDCHF=X,USDHUF=X,USDJPY=X,USDMXN=X,USDNOK=X,USDPLN=X,USDSEK=X,USDSGD=X,USDTRY=X,USDZAR=X,AUDCAD=X,AUDCHF=X,AUDJPY=X,AUDNZD=X,AUDUSD=X,CADJPY=X,CHFAUD=X,CHFCAD=X,CHFJPY=X,EURAUD=X,EURCAD=X,EURCHF=X,EURGBP=X,EURJPY=X,EURNOK=X,EURNZD=X,EURSEK=X,EURUSD=X,GBPAUD=X,GBPCAD=X,GBPCHF=X,GBPJPY=X,GBPNZD=X,GBPUSD=X,NZDCAD=X,NZDCHF=X,NZDJPY=X,NZDUSD=X,USDCAD=X,USDCHF=X,USDHUF=X,USDJPY=X,USDMXN=X,USDNOK=X,USDPLN=X,USDSEK=X,USDSGD=X,USDTRY=X,USDZAR=X,AUDCAD=X,AUDCHF=X,AUDJPY=X,AUDNZD=X,AUDUSD=X,CADJPY=X,CHFAUD=X,CHFCAD=X,CHFJPY=X,EURAUD=X,EURCAD=X,EURCHF=X,EURGBP=X,EURJPY=X,EURNOK=X,EURNZD=X,EURSEK=X,EURUSD=X,GBPAUD=X,GBPCAD=X,GBPCHF=X,GBPJPY=X,GBPNZD=X,GBPUSD=X,NZDCAD=X,NZDCHF=X,NZDJPY=X,NZDUSD=X,USDCAD=X,USDCHF=X,USDHUF=X,USDJPY=X,USDMXN=X,USDNOK=X,USDPLN=X,USDSEK=X,USDSGD=X,USDTRY=X,USDZAR=X,AUDCAD=X,AUDCHF=X,AUDJPY=X,AUDNZD=X,AUDUSD=X,CADJPY=X,CHFAUD=X,CHFCAD=X,CHFJPY=X,EURAUD=X,EURCAD=X,EURCHF=X,EURGBP=X,EURJPY=X,EURNOK=X,EURNZD=X,EURSEK=X,EURUSD=X,GBPAUD=X,GBPCAD=X,GBPCHF=X,GBPJPY=X,GBPNZD=X,GBPUSD=X,NZDCAD=X,NZDCHF=X,NZDJPY=X,NZDUSD=X,USDCAD=X,USDCHF=X,USDHUF=X,USDJPY=X,USDMXN=X,USDNOK=X,USDPLN=X,USDSEK=X,USDSGD=X,USDTRY=X,USDZAR=X,AUDCAD=X,AUDCHF=X,AUDJPY=X,AUDNZD=X,AUDUSD=X,CADJPY=X,CHFAUD=X,CHFCAD=X,CHFJPY=X,EURAUD=X,EURCAD=X,EURCHF=X,EURGBP=X,EURJPY=X,EURNOK=X,EURNZD=X,EURSEK=X,EURUSD=X,GBPAUD=X,GBPCAD=X,GBPCHF=X,GBPJPY=X,GBPNZD=X,GBPUSD=X,NZDCAD=X,NZDCHF=X,NZDJPY=X,NZDUSD=X,USDCAD=X,USDCHF=X,USDHUF=X,USDJPY=X,USDMXN=X,USDNOK=X,USDPLN=X,USDSEK=X,USDSGD=X,USDTRY=X,USDZAR=X,AUDCAD=X,AUDCHF=X,AUDJPY=X,AUDNZD=X,AUDUSD=X,CADJPY=X,CHFAUD=X,CHFCAD=X,CHFJPY=X,EURAUD=X,EURCAD=X,EURCHF=X,EURGBP=X,EURJPY=X,EURNOK=X,EURNZD=X,EURSEK=X,EURUSD=X,GBPAUD=X,GBPCAD=X,GBPCHF=X,GBPJPY=X,GBPNZD=X,GBPUSD=X,NZDCAD=X,NZDCHF=X,NZDJPY=X,NZDUSD=X,USDCAD=X,USDCHF=X,USDHUF=X,USDJPY=X,USDMXN=X,USDNOK=X,USDPLN=X,USDSEK=X,USDSGD=X,USDTRY=X,USDZAR=X
Date,,,,,,,,,,,,,,,,,,,,,,,,,,,,,,,,,,,,,,,,,,,,,,,,,,,,,,,,,,,,,,,,,,,,,,,,,,,,,,,,,,,,,,,,,,,,,,,,,,,,,,,,,,,,,,,,,,,,,,,,,,,,,,,,,,,,,,,,,,,,,,,,,,,,,,,,,,,,,,,,,,,,,,,,,,,,,,,,,,,,,,,,,,,,,,,,,,,,,,,,,,,,,,,,,,,,,,,,,,,,,,,,,,,,,,,,,,,,,,,,,,,,,,,,,,,,,,,,,,,,,,,,,,,,,,,,,
2026-01-02,0.9159799814224243,0.528918981552124,104.66200256347656,1.1597900390625,0.6678299903869629,114.25,1.89028799533844,1.731660008430481,197.8684844970703,1.7593400478363037,1.6117199659347534,0.9306100010871887,0.8720499873161316,184.16299438476562,11.805800437927246,2.0406699180603027,10.796899795532227,1.175046682357788,2.0172500610351562,1.847599983215332,1.0670299530029297,211.16000366210938,2.33981990814209,1.347363829612732,0.7895600199699402,0.45590001344680786,90.2249984741211,0.5757914185523987,1.3716000318527222,0.7920299768447876,326.7699890136719,156.7310028076172,17.98465919494629,10.051090240478516,3.584700107574463,9.189510345458984,1.2847000360488892,42.99399948120117,16.551599502563477,0.0,0.0,0.0,0.0,0.0,0.0,0.0,0.0,0.0,0.0,0.0,0.0,0.0,0.0,0.0,0.0,0.0,0.0,0.0,0.0,0.0,0.0,0.0,0.0,0.0,0.0,0.0,0.0,0.0,0.0,0.0,0.0,0.0,0.0,0.0,0.0,0.0,0.0,0.0,0.9198899865150452,0.5321069955825806,105.25499725341797,1.1628789901733398,0.6709157824516296,114.53199768066406,1.8921699523925781,1.736680030822754,198.13999938964844,1.7597399950027466,1.6131099462509155,0.9315500259399414,0.8724700212478638,184.4239959716797,11.838000297546387,2.042680025100708,10.828289985656738,1.176747441291809,2.0186800956726074,1.8527100086212158,1.0685499906539917,211.42999267578125,2.342010021209717,1.3501653671264648,0.7936999797821045,0.458189994096756,90.5770034790039,0.577820897102356,1.3746700286865234,0.7940599918365479,327.74798583984375,156.99200439453125,17.9862003326416,10.091360092163086,3.59837007522583,9.237669944763184,1.2867599725723267,43.03873062133789,16.554309844970703,0.9153000116348267,0.5282999873161316,104.63600158691406,1.1577999591827393,0.6677399277687073,114.01699829101562,1.8782869577407837,1.7263200283050537,197.51663208007812,1.7491400241851807,1.607100009918213,0.928309977054596,0.8700500130653381,183.71200561523438,11.785470008850098,2.0292000770568848,10.795999526977539,1.17134428024292,2.006619930267334,1.842900037765503,1.0651999711990356,210.75900268554688,2.328000068664551,1.3435261249542236,0.7886000275611877,0.4551999866962433,90.12455749511719,0.5752416253089905,1.3700200319290161,0.7901399731636047,326.1050109863281,156.50999450683594,17.862899780273438,10.037480354309082,3.5806000232696533,9.180970191955566,1.2832000255584717,42.91032028198242,16.461200714111328,0.915910005569458,0.5288779735565186,104.6719970703125,1.1597900390625,0.6678500771522522,114.26000213623047,1.8903950452804565,1.731760025024414,197.8990020751953,1.7594399452209473,1.6117000579833984,0.9305700063705444,0.8720600008964539,184.18099975585938,11.805700302124023,2.0405900478363037,10.806989669799805,1.1751158237457275,2.017390012741089,1.8479599952697754,1.0669699907302856,211.18699645996094,2.33981990814209,1.347490906715393,0.7895699739456177,0.45579999685287476,90.23300170898438,0.5758312344551086,1.371690034866333,0.7919600009918213,326.5190124511719,156.73699951171875,17.983200073242188,10.052599906921387,3.585819959640503,9.191679954528809,1.2850500345230103,42.91032028198242,16.546199798583984,0.0,0.0,0.0,0.0,0.0,0.0,0.0,0.0,0.0,0.0,0.0,0.0,0.0,0.0,0.0,0.0,0.0,0.0,0.0,0.0,0.0,0.0,0.0,0.0,0.0,0.0,0.0,0.0,0.0,0.0,0.0,0.0,0.0,0.0,0.0,0.0,0.0,0.0,0.0,0,0,0,0,0,0,0,0,0,0,0,0,0,0,0,0,0,0,0,0,0,0,0,0,0,0,0,0,0,0,0,0,0,0,0,0,0,0,0
2026-01-05,0.9187399744987488,0.530239999294281,104.9229965209961,1.1612900495529175,0.6683902144432068,114.19100189208984,1.885475993156433,1.7324299812316895,197.8419952392578,1.750980019569397,1.6089199781417847,0.9285799860954285,0.8709700107574463,183.7469940185547,11.757599830627441,2.0335099697113037,10.799619674682617,1.1704667806625366,2.0103800296783447,1.8472100496292114,1.0660799741744995,210.95700073242188,2.3346800804138184,1.3437970876693726,0.7910100221633911,0.45649999380111694,90.34100341796875,0.5755594372749329,1.3746700286865234,0.79339998960495,326.9410095214844,156.98899841308594,17.91115951538086,10.054610252380371,3.595089912414551,9.226409912109375,1.287850022315979,43.01118850708008,16.49650001525879,0.0,0.0,0.0,0.0,0.0,0.0,0.0,0.0,0.0,0.0,0.0,0.0,0.0,0.0,0.0,0.0,0.0,0.0,0.0,0.0,0.0,0.0,0.0,0.0,0.0,0.0,0.0,0.0,0.0,0.0,0.0,0.0,0.0,0.0,0.0,0.0,0.0,0.0,0.0,0.9240700006484985,0.5327039957046509,105.0739974975586,1.1614700555801392,0.6719978451728821,114.36699676513672,1.8900200128555298,1.7359399795532227,198.30874633789062,1.7530299425125122,1.6116100549697876,0.9304999709129333,0.870959997177124,184.03199768066406,11.813699722290039,2.0356199741363525,10.80978012084961,1.1718658208847046,2.0159599781036377,1.8605999946594238,1.0716999769210815,211.4739990234375,2.339550018310547,1.35255765914917,0.796235978603363,0.4591200053691864,90.5510025024414,0.5791293382644653,1.381369948387146,0.7967399954795837,329.9159851074219,157.29200744628906,18.03445053100586,10.11223030090332,3.6168999671936035,9.255240440368652,1.2887699604034424,43.04536056518555,16.53459930419922,0.9171000123023987,0.5271000266075134,104.56400299072266,1.1585999727249146,0.6665000319480896,113.58000183105469,1.8691589832305908,1.7288140058517456,196.85145568847656,1.7428300380706787,1.6061999797821045,0.9269899725914001,0.8660500049591064,182.80999755859375,11.751649856567383,2.021699905395508,10.753600120544434,1.166003942489624,2.008349895477295,1.8457000255584717,1.0649499893188477,210.51300048828125,2.3297998905181885,1.3415435552597046,0.7901600003242493,0.4544999897480011,90.0979995727539,0.5742902159690857,1.3740899562835693,0.7921000123023987,327.0400085449219,156.31500244140625,17.866500854492188,10.031499862670898,3.591200113296509,9.180879592895508,1.2834199666976929,43.017879486083984,16.352399826049805,0.9187399744987488,0.5301939845085144,104.92252349853516,1.1612999439239502,0.6684702038764954,114.177001953125,1.8856899738311768,1.732740044593811,197.88131713867188,1.7510900497436523,1.6089999675750732,0.9284899830818176,0.870959997177124,183.74400329589844,11.766500473022461,2.033489942550659,10.800580024719238,1.1706448793411255,2.010349988937378,1.8472100496292114,1.065940022468567,210.9526824951172,2.33489990234375,1.3439414501190186,0.7910400032997131,0.45642000436782837,90.33699798583984,0.5755892395973206,1.3746399879455566,0.7932100296020508,327.19000244140625,156.96600341796875,17.912460327148438,10.056940078735352,3.5948801040649414,9.226140022277832,1.2877700328826904,43.0192985534668,16.49690055847168,0.0,0.0,0.0,0.0,0.0,0.0,0.0,0.0,0.0,0.0,0.0,0.0,0.0,0.0,0.0,0.0,0.0,0.0,0.0,0.0,0.0,0.0,0.0,0.0,0.0,0.0,0.0,0.0,0.0,0.0,0.0,0.0,0.0,0.0,0.0,0.0,0.0,0.0,0.0,0,0,0,0,0,0,0,0,0,0,0,0,0,0,0,0,0,0,0,0,0,0,0,0,0,0,0,0,0,0,0,0,0,0,0,0,0,0,0
2026-01-06,0.9240999817848206,0.5317860245704651,105.13999938964844,1.160230040550232,0.6713401079177856,113.71399688720703,1.8801230192184448,1.7384599447250366,197.70799255371094,1.7448899745941162,1.6133899688720703,0.9279199838638306,0.8655700087547302,183.47999572753906,11.755189895629883,2.02455997467041,10.751999855041504,1.1714951992034912,2.0157101154327393,1.8638399839401245,1.0719300508499146,211.95799255371094,2.338779926300049,1.3533997535705566,0.7967299818992615,0.4578000009059906,90.60700225830078,0.5786300301551819,1.3772499561309814,0.7921000123023987,327.68499755859375,156.62600708007812,17.915700912475586,10.036800384521484,3.594249963760376,9.174599647521973,1.2828600406646729,43.03919982910156,16.359729766845703,0.0,0.0,0.0,0.0,0.0,0.0,0.0,0.0,0.0,0.0,0.0,0.0,0.0,0.0,0.0,0.0,0.0,0.0,0.0,0.0,0.0,0.0,0.0,0.0,0.0,0.0,0.0,0.0,0.0,0.0,0.0,0.0,0.0,0.0,0.0,0.0,0.0,0.0,0.0,0.9284300208091736,0.5357459783554077,105.48871612548828,1.16566002368927,0.6739316582679749,113.81900024414062,1.8828849792480469,1.7401299476623535,197.8516845703125,1.7472399473190308,1.6153500080108643,0.9301499724388123,0.8662999868392944,183.6199951171875,11.763010025024414,2.0260400772094727,10.785240173339844,1.1745359897613525,2.018660068511963,1.8666000366210938,1.07423996925354,212.125,2.3412399291992188,1.356815218925476,0.7989400029182434,0.4598200023174286,90.81199645996094,0.5810507535934448,1.3795499801635742,0.7957900166511536,329.3789978027344,156.7830047607422,17.985689163208008,10.059849739074707,3.6044199466705322,9.23069953918457,1.2838499546051025,43.05580139160156,16.397520065307617,0.9230080246925354,0.5295000076293945,104.9749984741211,1.156999945640564,0.6704201698303223,113.44999694824219,1.8628909587860107,1.7321269512176514,196.8769989013672,1.7359000444412231,1.610550045967102,0.9276400208473206,0.8644400238990784,183.0,11.721739768981934,2.0197501182556152,10.738019943237305,1.1684154272079468,2.004499912261963,1.8601499795913696,1.0713000297546387,211.3179931640625,2.3329999446868896,1.3492909669876099,0.7957299947738647,0.45680001378059387,90.40299987792969,0.5770007371902466,1.3751399517059326,0.7904000282287598,326.8059997558594,156.15899658203125,17.86009979248047,9.999739646911621,3.584399938583374,9.147270202636719,1.2783000469207764,43.019901275634766,16.29490089416504,0.9247909784317017,0.5317599773406982,105.12300109863281,1.160140037536621,0.6713888049125671,113.677001953125,1.8801699876785278,1.7385599613189697,197.67300415039062,1.7450300455093384,1.6136200428009033,0.9279800057411194,0.8656399846076965,183.45799255371094,11.754799842834473,2.0243899822235107,10.74923038482666,1.1716461181640625,2.015810012817383,1.8639999628067017,1.0719499588012695,211.91799926757812,2.3386199474334717,1.3534547090530396,0.7968299984931946,0.45822998881340027,90.60299682617188,0.5787304639816284,1.3772000074386597,0.7920699715614319,327.7699890136719,156.58599853515625,17.90489959716797,10.033040046691895,3.5936100482940674,9.174539566040039,1.282670021057129,43.04399871826172,16.363399505615234,0.0,0.0,0.0,0.0,0.0,0.0,0.0,0.0,0.0,0.0,0.0,0.0,0.0,0.0,0.0,0.0,0.0,0.0,0.0,0.0,0.0,0.0,0.0,0.0,0.0,0.0,0.0,0.0,0.0,0.0,0.0,0.0,0.0,0.0,0.0,0.0,0.0,0.0,0.0,0,0,0,0,0,0,0,0,0,0,0,0,0,0,0,0,0,0,0,0,0,0,0,0,0,0,0,0,0,0,0,0,0,0,0,0,0,0,0
2026-01-07,0.9304699897766113,0.5357450246810913,105.53399658203125,1.1650099754333496,0.6737000942230225,113.4020004272461,1.8654500246047974,1.7360399961471558,196.8908233642578,1.7345999479293823,1.6146800518035889,0.9299700260162354,0.8657100200653076,183.12600708007812,11.749199867248535,2.0208001136779785,10.753430366516113,1.1688251495361328,2.0039501190185547,1.865049958229065,1.074139952659607,211.51199340820312,2.3348000049591064,1.3500559329986572,0.7982000112533569,0.4599300026893616,90.55999755859375,0.5781984925270081,1.3815499544143677,0.7954999804496765,328.989990234375,156.67999267578125,17.983400344848633,10.049869537353516,3.598299980163574,9.200349807739258,1.2805500030517578,43.04059982299805,16.35487937927246,0.0,0.0,0.0,0.0,0.0,0.0,0.0,0.0,0.0,0.0,0.0,0.0,0.0,0.0,0.0,0.0,0.0,0.0,0.0,0.0,0.0,0.0,0.0,0.0,0.0,0.0,0.0,0.0,0.0,0.0,0.0,0.0,0.0,0.0,0.0,0.0,0.0,0.0,0.0,0.9344599843025208,0.5376899838447571,105.9229965209961,1.1691700220108032,0.6768001914024353,113.46700286865234,1.8701499700546265,1.7389099597930908,197.2362060546875,1.7393499612808228,1.6166399717330933,0.9314000010490417,0.8676999807357788,183.36099243164062,11.786040306091309,2.0233800411224365,10.76984977722168,1.170548915863037,2.009239912033081,1.8672399520874023,1.075569987297058,211.73399353027344,2.337009906768799,1.3517532348632812,0.8001400232315063,0.4613800048828125,90.74600219726562,0.5794998407363892,1.3831499814987183,0.7972099781036377,329.72100830078125,156.79400634765625,17.993000030517578,10.087650299072266,3.607840061187744,9.221819877624512,1.282480001449585,43.060001373291016,16.484609603881836,0.9284899830818176,0.5345540046691895,105.23999786376953,1.1618399620056152,0.6718398332595825,113.12899780273438,1.857354998588562,1.7318300008773804,196.40170288085938,1.7290799617767334,1.611899971961975,0.9293000102043152,0.8652999997138977,182.7100067138672,11.736289978027344,2.016900062561035,10.722399711608887,1.1674468517303467,1.9967399835586548,1.8600900173187256,1.0729999542236328,210.98699951171875,2.328629970550537,1.3470189571380615,0.797789990901947,0.45750001072883606,90.34600067138672,0.5775206089019775,1.378980040550232,0.7943000197410583,328.3699951171875,156.2989959716797,17.935199737548828,10.030610084533691,3.5936999320983887,9.172100067138672,1.2796000242233276,43.00931167602539,16.334699630737305,0.9305310249328613,0.5359389781951904,105.50299835205078,1.1648199558258057,0.6735684871673584,113.37999725341797,1.8655669689178467,1.736109972000122,196.8419952392578,1.735129952430725,1.614549994468689,0.9299299716949463,0.8657000064849854,183.08099365234375,11.752280235290527,2.0210399627685547,10.754349708557129,1.1687841415405273,2.0040299892425537,1.864799976348877,1.0740400552749634,211.46600341796875,2.3345398902893066,1.3500378131866455,0.7986000180244446,0.4599500000476837,90.56199645996094,0.5782385468482971,1.3815499544143677,0.7956900000572205,328.8789978027344,156.65699768066406,17.98310089111328,10.054900169372559,3.6005799770355225,9.20166015625,1.2805700302124023,43.01525115966797,16.355209350585938,0.0,0.0,0.0,0.0,0.0,0.0,0.0,0.0,0.0,0.0,0.0,0.0,0.0,0.0,0.0,0.0,0.0,0.0,0.0,0.0,0.0,0.0,0.0,0.0,0.0,0.0,0.0,0.0,0.0,0.0,0.0,0.0,0.0,0.0,0.0,0.0,0.0,0.0,0.0,0,0,0,0,0,0,0,0,0,0,0,0,0,0,0,0,0,0,0,0,0,0,0,0,0,0,0,0,0,0,0,0,0,0,0,0,0,0,0
2026-01-08,0.9314799904823303,0.5356000065803528,105.35199737548828,1.1641700267791748,0.672210156917572,113.10900115966797,1.8635859489440918,1.7368249893188477,196.4534912109375,1.736989974975586,1.6178699731826782,0.9314000010490417,0.8675699830055237,183.02699279785156,11.767499923706055,2.0223100185394287,10.722760200500488,1.1676785945892334,2.0020101070404053,1.8647220134735107,1.0734800100326538,210.91000366210938,2.330820083618164,1.3459312915802002,0.7999500036239624,0.46042001247406006,90.47799682617188,0.5773905515670776,1.3857899904251099,0.7976499795913696,329.0820007324219,156.7310028076172,17.978200912475586,10.077939987182617,3.6038498878479004,9.183059692382812,1.2825499773025513,43.036598205566406,16.446640014648438,0.0,0.0,0.0,0.0,0.0,0.0,0.0,0.0,0.0,0.0,0.0,0.0,0.0,0.0,0.0,0.0,0.0,0.0,0.0,0.0,0.0,0.0,0.0,0.0,0.0,0.0,0.0,0.0,0.0,0.0,0.0,0.0,0.0,0.0,0.0,0.0,0.0,0.0,0.0,0.9322599768638611,0.5365639925003052,105.5199966430664,1.1656099557876587,0.672569990158081,113.37200164794922,1.8747309446334839,1.7411400079727173,196.81100463867188,1.7452199459075928,1.621000051498413,0.9319000244140625,0.8690299987792969,183.23599243164062,11.827500343322754,2.0327699184417725,10.771349906921387,1.1684973239898682,2.0106201171875,1.8672699928283691,1.0739400386810303,211.1490020751953,2.339970111846924,1.3466380834579468,0.8001400232315063,0.46046000719070435,90.52999877929688,0.5774805545806885,1.388759970664978,0.7994999885559082,330.8800048828125,157.05999755859375,18.01715087890625,10.127920150756836,3.6150801181793213,9.237750053405762,1.2856999635696411,43.058929443359375,16.555700302124023,0.9264000058174133,0.5328999757766724,104.72699737548828,1.1619999408721924,0.6682597994804382,112.7509994506836,1.8625439405441284,1.7338340282440186,196.18899536132812,1.735700011253357,1.61489999294281,0.9305999875068665,0.8673800230026245,182.7209930419922,11.758099555969238,2.0220999717712402,10.713500022888184,1.1652837991714478,2.0006000995635986,1.8594000339508057,1.0708999633789062,210.3419952392578,2.3306000232696533,1.3417595624923706,0.7956299781799316,0.4560000002384186,89.96199798583984,0.5739111304283142,1.385200023651123,0.7965999841690063,328.92999267578125,156.4669952392578,17.941200256347656,10.073049545288086,3.598400115966797,9.170209884643555,1.2822999954223633,43.018531799316406,16.434799194335938,0.9314699769020081,0.5361400246620178,105.32499694824219,1.1641499996185303,0.672241747379303,113.08000183105469,1.8646299839019775,1.7370100021362305,196.43699645996094,1.7369799613952637,1.6181000471115112,0.9313600063323975,0.8675500154495239,182.97999572753906,11.7701997756958,2.022170066833496,10.723640441894531,1.1677467823028564,2.0020298957824707,1.8647199869155884,1.0734399557113647,210.89100646972656,2.3308000564575195,1.345949411392212,0.8001400232315063,0.4604400098323822,90.46299743652344,0.5774505734443665,1.3858000040054321,0.7975900173187256,329.1000061035156,156.6929931640625,17.97783088684082,10.07800006866455,3.603749990463257,9.182999610900879,1.282580018043518,43.018531799316406,16.443729400634766,0.0,0.0,0.0,0.0,0.0,0.0,0.0,0.0,0.0,0.0,0.0,0.0,0.0,0.0,0.0,0.0,0.0,0.0,0.0,0.0,0.0,0.0,0.0,0.0,0.0,0.0,0.0,0.0,0.0,0.0,0.0,0.0,0.0,0.0,0.0,0.0,0.0,0.0,0.0,0,0,0,0,0,0,0,0,0,0,0,0,0,0,0,0,0,0,0,0,0,0,0,0,0,0,0,0,0,0,0,0,0,0,0,0,0,0,0
2026-01-09,0.928538978099823,0.5347999930381775,105.08699798583984,1.1641000509262085,0.6701065301895142,113.14800262451172,1.866368055343628,1.734935998916626,196.2640838623047,1.7401100397109985,1.6161099672317505,0.9315999746322632,0.867579996585846,182.88800048828125,11.75,2.0264999866485596,10.744600296020508,1.1657865047454834,2.005500078201294,1.8627300262451172,1.0734599828720093,210.7729949951172,2.3362600803375244,1.3438005447387695,0.797124981880188,0.4593600034713745,90.20099639892578,0.5750893950462341,1.3864099979400635,0.7990099787712097,330.2099914550781,156.8800048828125,17.962299346923828,10.078300476074219,3.6120500564575195,9.217000007629395,1.285099983215332,43.12889862060547,16.512060165405273,0.0,0.0,0.0,0.0,0.0,0.0,0.0,0.0,0.0,0.0,0.0,0.0,0.0,0.0,0.0,0.0,0.0,0.0,0.0,0.0,0.0,0.0,0.0,0.0,0.0,0.0,0.0,0.0,0.0,0.0,0.0,0.0,0.0,0.0,0.0,0.0,0.0,0.0,0.0,0.929390013217926,0.5357300043106079,105.62799835205078,1.1673500537872314,0.6703001260757446,113.8270034790039,1.8730499744415283,1.7361500263214111,197.45799255371094,1.7441600561141968,1.6173100471496582,0.9324700236320496,0.8687000274658203,183.94400024414062,11.782429695129395,2.0343799591064453,10.759699821472168,1.16604483127594,2.010730028152466,1.8650399446487427,1.0749399662017822,212.04800415039062,2.345050096511841,1.3447185754776,0.7970899939537048,0.45945000648498535,90.59500122070312,0.5750199556350708,1.3904099464416504,0.8017299771308899,331.9809875488281,158.16099548339844,18.039199829101562,10.122590065002441,3.6248300075531006,9.235750198364258,1.2883599996566772,43.153900146484375,16.580459594726562,0.925599992275238,0.5335000157356262,105.052001953125,1.1641000509262085,0.6664800643920898,113.12000274658203,1.8649760484695435,1.7322920560836792,196.33399963378906,1.739109992980957,1.614300012588501,0.9309800267219543,0.8665000200271606,182.88299560546875,11.709670066833496,2.026900053024292,10.707289695739746,1.161926031112671,2.0049099922180176,1.8590999841690063,1.071969985961914,210.76400756835938,2.3362998962402344,1.3394052982330322,0.7937999963760376,0.45579999685287476,90.14299774169922,0.5712490081787109,1.386299967765808,0.7987099885940552,330.1600036621094,156.88499450683594,17.949140548706055,10.053839683532715,3.6094000339508057,9.198399543762207,1.284600019454956,43.092899322509766,16.452600479125977,0.9285399913787842,0.5351600050926208,105.08699798583984,1.1648800373077393,0.6698300838470459,113.16200256347656,1.8681809902191162,1.7350000143051147,196.36099243164062,1.7402700185775757,1.616189956665039,0.931410014629364,0.8676199913024902,182.91099548339844,11.747469902038574,2.0273098945617676,10.746410369873047,1.165813684463501,2.0056700706481934,1.8626699447631836,1.0734100341796875,210.7899932861328,2.336430072784424,1.3435803651809692,0.796999990940094,0.4592899978160858,90.20500183105469,0.5750199556350708,1.3864400386810303,0.799019992351532,330.2179870605469,156.89599609375,17.96269989013672,10.077059745788574,3.6120100021362305,9.218199729919434,1.2851200103759766,43.12929916381836,16.520000457763672,0.0,0.0,0.0,0.0,0.0,0.0,0.0,0.0,0.0,0.0,0.0,0.0,0.0,0.0,0.0,0.0,0.0,0.0,0.0,0.0,0.0,0.0,0.0,0.0,0.0,0.0,0.0,0.0,0.0,0.0,0.0,0.0,0.0,0.0,0.0,0.0,0.0,0.0,0.0,0,0,0,0,0,0,0,0,0,0,0,0,0,0,0,0,0,0,0,0,0,0,0,0,0,0,0,0,0,0,0,0,0,0,0,0,0,0,0
2026-01-12,0.9301199913024902,0.5358399748802185,105.72699737548828,1.166849970817566,0.6685801148414612,113.6520004272461,1.865671992301941,1.735610008239746,197.26600646972656,1.738420009613037,1.6171200275421143,0.931659996509552,0.8677800297737122,183.82000732421875,11.719510078430176,2.0285699367523193,10.713800430297852,1.1623716354370117,2.00314998626709,1.8635200262069702,1.0735199451446533,211.8159942626953,2.3374900817871094,1.3394231796264648,0.7970389723777771,0.4591299891471863,90.59500122070312,0.572980523109436,1.3913899660110474,0.8015260100364685,331.40399169921875,158.1490020751953,17.974109649658203,10.082050323486328,3.622040033340454,9.216150283813477,1.2872400283813477,43.10540008544922,16.474519729614258,0.0,0.0,0.0,0.0,0.0,0.0,0.0,0.0,0.0,0.0,0.0,0.0,0.0,0.0,0.0,0.0,0.0,0.0,0.0,0.0,0.0,0.0,0.0,0.0,0.0,0.0,0.0,0.0,0.0,0.0,0.0,0.0,0.0,0.0,0.0,0.0,0.0,0.0,0.0,0.9323599934577942,0.5358899831771851,106.26399993896484,1.1670299768447876,0.6723141074180603,114.00399780273438,1.8742029666900635,1.7435599565505981,198.56300354003906,1.743749976158142,1.6225800514221191,0.931850016117096,0.8691499829292297,184.65199279785156,11.767769813537598,2.0315299034118652,10.723549842834473,1.169864296913147,2.0088698863983154,1.8711800575256348,1.0743600130081177,212.97799682617188,2.3395299911499023,1.34865403175354,0.8001999855041504,0.45952001214027405,91.16999816894531,0.5769608020782471,1.391319990158081,0.8016600012779236,331.8330078125,158.18800354003906,17.975400924682617,10.089920043945312,3.622499942779541,9.218469619750977,1.2876700162887573,43.14619064331055,16.49601936340332,0.9294000267982483,0.5314000248908997,105.60099792480469,1.1633000373840332,0.668420135974884,113.41999816894531,1.85977303981781,1.7352800369262695,197.23658752441406,1.737089991569519,1.6169500350952148,0.9297000169754028,0.8665199875831604,183.75,11.723640441894531,2.024199962615967,10.69137954711914,1.162304162979126,2.0027899742126465,1.863029956817627,1.070099949836731,211.66799926757812,2.334199905395508,1.3392258882522583,0.7966600060462952,0.4562999904155731,90.51399993896484,0.5727902054786682,1.3865000009536743,0.7954000234603882,329.92999267578125,157.52099609375,17.877700805664062,10.039750099182129,3.595400094985962,9.147700309753418,1.2836999893188477,43.09149932861328,16.35849952697754,0.930079996585846,0.5358899831771851,105.70999908447266,1.1668599843978882,0.6685922145843506,113.6520004272461,1.8655799627304077,1.7352800369262695,197.23658752441406,1.7386200428009033,1.6172399520874023,0.931850016117096,0.8678600192070007,183.81500244140625,11.723640441894531,2.0289199352264404,10.714900016784668,1.162493348121643,2.003230094909668,1.863379955291748,1.073639988899231,211.78599548339844,2.3376901149749756,1.339441180229187,0.7968500256538391,0.45914000272750854,90.57499694824219,0.5729509592056274,1.3912400007247925,0.8016200065612793,331.52301025390625,158.1230010986328,17.974199295043945,10.085029602050781,3.6219799518585205,9.217470169067383,1.287350058555603,43.10615158081055,16.491329193115234,0.0,0.0,0.0,0.0,0.0,0.0,0.0,0.0,0.0,0.0,0.0,0.0,0.0,0.0,0.0,0.0,0.0,0.0,0.0,0.0,0.0,0.0,0.0,0.0,0.0,0.0,0.0,0.0,0.0,0.0,0.0,0.0,0.0,0.0,0.0,0.0,0.0,0.0,0.0,0,0,0,0,0,0,0,0,0,0,0,0,0,0,0,0,0,0,0,0,0,0,0,0,0,0,0,0,0,0,0,0,0,0,0,0,0,0,0
2026-01-13,0.930741012096405,0.5348320007324219,105.96800231933594,1.1611000299453735,0.6707807779312134,113.84600067138672,1.869439959526062,1.7400200366973877,198.12600708007812,1.7392499446868896,1.6187299489974976,0.9302300214767456,0.8663899898529053,184.32200622558594,11.74779987335205,2.020859956741333,10.694809913635254,1.1666978597640991,2.0072200298309326,1.8682299852371216,1.0735900402069092,212.7259979248047,2.3323099613189697,1.3465656042099,0.8004999756813049,0.45989999175071716,91.19200134277344,0.5773205757141113,1.3875700235366821,0.7973600029945374,331.46099853515625,157.98599243164062,17.909099578857422,10.065580368041992,3.6081900596618652,9.166379928588867,1.2855900526046753,43.14179992675781,16.37459945678711,0.0,0.0,0.0,0.0,0.0,0.0,0.0,0.0,0.0,0.0,0.0,0.0,0.0,0.0,0.0,0.0,0.0,0.0,0.0,0.0,0.0,0.0,0.0,0.0,0.0,0.0,0.0,0.0,0.0,0.0,0.0,0.0,0.0,0.0,0.0,0.0,0.0,0.0,0.0,0.9318100214004517,0.5363699793815613,106.66100311279297,1.1642600297927856,0.6724994778633118,114.60900115966797,1.8717479705810547,1.7415200471878052,199.41688537597656,1.7441999912261963,1.61981999874115,0.9327499866485596,0.8670499920845032,185.51800537109375,11.770759582519531,2.0290000438690186,10.72737979888916,1.1675423383712769,2.0124900341033936,1.8708900213241577,1.076259970664978,214.28500366210938,2.3409500122070312,1.3488723039627075,0.801829993724823,0.4609900116920471,91.78099822998047,0.578121542930603,1.389449954032898,0.8014799952507019,332.9010009765625,159.18699645996094,17.93000030517578,10.09945011138916,3.61929988861084,9.219070434570312,1.289620041847229,43.16543960571289,16.46649932861328,0.9271199703216553,0.5321999788284302,105.96900177001953,1.160099983215332,0.6673998832702637,113.8489990234375,1.8608109951019287,1.7326929569244385,198.09300231933594,1.7359199523925781,1.6162699460983276,0.9295099973678589,0.8651000261306763,184.3000030517578,11.730899810791016,2.016700029373169,10.685370445251465,1.1635212898254395,2.005000114440918,1.8647700548171997,1.0733000040054321,212.7270050048828,2.3301000595092773,1.3426603078842163,0.796720027923584,0.4575999975204468,91.18699645996094,0.5736312866210938,1.3854899406433105,0.796500027179718,330.3699951171875,157.96499633789062,17.83530044555664,10.053130149841309,3.604379892349243,9.162440299987793,1.2851999998092651,43.124000549316406,16.375320434570312,0.9308199882507324,0.5348140001296997,105.97699737548828,1.1619399785995483,0.6708199381828308,113.8550033569336,1.8694380521774292,1.7402100563049316,198.15280151367188,1.7391999959945679,1.6188700199127197,0.9301999807357788,0.8663899898529053,184.33700561523438,11.743789672851562,2.0201001167297363,10.696579933166504,1.1667931079864502,2.0072898864746094,1.868499994277954,1.0735499858856201,212.74899291992188,2.3325400352478027,1.346619963645935,0.8008800148963928,0.4601399898529053,91.19200134277344,0.5773305296897888,1.387619972229004,0.797290027141571,331.4700012207031,157.99600219726562,17.922100067138672,10.065170288085938,3.608139991760254,9.167630195617676,1.285640001296997,43.14229965209961,16.377199172973633,0.0,0.0,0.0,0.0,0.0,0.0,0.0,0.0,0.0,0.0,0.0,0.0,0.0,0.0,0.0,0.0,0.0,0.0,0.0,0.0,0.0,0.0,0.0,0.0,0.0,0.0,0.0,0.0,0.0,0.0,0.0,0.0,0.0,0.0,0.0,0.0,0.0,0.0,0.0,0,0,0,0,0,0,0,0,0,0,0,0,0,0,0,0,0,0,0,0,0,0,0,0,0,0,0,0,0,0,0,0,0,0,0,0,0,0,0
2026-01-14,0.9280700087547302,0.535319983959198,106.37899780273438,1.1645300388336182,0.6683598756790161,114.62000274658203,1.8675179481506348,1.7333199977874756,198.6920623779297,1.7419300079345703,1.6166000366210938,0.9325900077819824,0.867110013961792,185.32400512695312,11.742230415344238,2.0285398960113525,10.736570358276367,1.164252758026123,2.008699893951416,1.8642250299453735,1.0753999948501587,213.70799255371094,2.3393399715423584,1.3426783084869385,0.7967600226402283,0.4596000015735626,91.33899688720703,0.5739309191703796,1.3886499404907227,0.801010012626648,331.3810119628906,159.1790008544922,17.82360076904297,10.085229873657227,3.617259979248047,9.221590042114258,1.2888699769973755,43.152400970458984,16.38578987121582,0.0,0.0,0.0,0.0,0.0,0.0,0.0,0.0,0.0,0.0,0.0,0.0,0.0,0.0,0.0,0.0,0.0,0.0,0.0,0.0,0.0,0.0,0.0,0.0,0.0,0.0,0.0,0.0,0.0,0.0,0.0,0.0,0.0,0.0,0.0,0.0,0.0,0.0,0.0,0.9302899837493896,0.5374879837036133,106.70899963378906,1.1660699844360352,0.6705001592636108,114.74299621582031,1.874871015548706,1.7382099628448486,198.89602661132812,1.7455500364303589,1.6187000274658203,0.9348999857902527,0.8672299981117249,185.5590057373047,11.763529777526855,2.030489921569824,10.739959716796875,1.1663167476654053,2.0144100189208984,1.869439959526062,1.0796899795532227,214.093994140625,2.343329906463623,1.3462574481964111,0.7986019849777222,0.46132001280784607,91.54000091552734,0.5756489038467407,1.3897199630737305,0.8026800155639648,332.0660095214844,159.43800354003906,17.831300735473633,10.103449821472168,3.6223700046539307,9.227970123291016,1.289620041847229,43.18429183959961,16.425800323486328,0.9259999990463257,0.5311999917030334,105.58699798583984,1.1603000164031982,0.6675999760627747,113.91699981689453,1.8542560338974,1.7297630310058594,197.68736267089844,1.7376999855041504,1.6158000230789185,0.9308000206947327,0.8655999898910522,184.2899932861328,11.702799797058105,2.024399995803833,10.697600364685059,1.1637108325958252,2.00570011138916,1.8636000156402588,1.0734000205993652,212.5709991455078,2.336469888687134,1.342065691947937,0.7960000038146973,0.45750001072883606,90.87699890136719,0.5731710195541382,1.3867599964141846,0.7982000112533569,330.1700134277344,158.11000061035156,17.790199279785156,10.039400100708008,3.607599973678589,9.17609977722168,1.2858999967575073,43.11069869995117,16.325899124145508,0.9279000163078308,0.5352699756622314,106.37300109863281,1.1644400358200073,0.6683098077774048,114.62100219726562,1.867658019065857,1.7332899570465088,198.69744873046875,1.7421000003814697,1.6166900396347046,0.9326300024986267,0.8672000169754028,185.33299255371094,11.741729736328125,2.028599977493286,10.736459732055664,1.1643340587615967,2.0087099075317383,1.8640199899673462,1.0752999782562256,213.6999969482422,2.3391900062561035,1.342570185661316,0.7968220114707947,0.4596000015735626,91.33899688720703,0.5739408135414124,1.3884999752044678,0.8010299801826477,331.385986328125,159.1790008544922,17.823829650878906,10.084199905395508,3.617180109024048,9.220379829406738,1.288849949836731,43.15420150756836,16.383699417114258,0.0,0.0,0.0,0.0,0.0,0.0,0.0,0.0,0.0,0.0,0.0,0.0,0.0,0.0,0.0,0.0,0.0,0.0,0.0,0.0,0.0,0.0,0.0,0.0,0.0,0.0,0.0,0.0,0.0,0.0,0.0,0.0,0.0,0.0,0.0,0.0,0.0,0.0,0.0,0,0,0,0,0,0,0,0,0,0,0,0,0,0,0,0,0,0,0,0,0,0,0,0,0,0,0,0,0,0,0,0,0,0,0,0,0,0,0
2026-01-15,0.9276000261306763,0.5343599915504456,105.85199737548828,1.1633199453353882,0.6682798862457275,114.08799743652344,1.8708720207214355,1.7359700202941895,198.0589599609375,1.7426600456237793,1.6167000532150269,0.9313099980354309,0.8664100170135498,184.4739990234375,11.710700035095215,2.027139902114868,10.706720352172852,1.1646324396133423,2.0110599994659424,1.866189956665039,1.0748200416564941,212.8979949951172,2.339669942855835,1.344266653060913,0.7972599864006042,0.45925000309944153,90.97599792480469,0.5744815468788147,1.3884600400924683,0.7997199892997742,331.3370056152344,158.40199279785156,17.785499572753906,10.053810119628906,3.6149001121520996,9.192850112915039,1.2875299453735352,43.16960144042969,16.38875961303711,0.0,0.0,0.0,0.0,0.0,0.0,0.0,0.0,0.0,0.0,0.0,0.0,0.0,0.0,0.0,0.0,0.0,0.0,0.0,0.0,0.0,0.0,0.0,0.0,0.0,0.0,0.0,0.0,0.0,0.0,0.0,0.0,0.0,0.0,0.0,0.0,0.0,0.0,0.0,0.9318670034408569,0.5387300252914429,106.31500244140625,1.1675200462341309,0.6709901094436646,114.19100189208984,1.873810052871704,1.7372560501098633,198.23960876464844,1.745419979095459,1.618190050125122,0.9327499866485596,0.8677700161933899,184.6230010986328,11.745059967041016,2.0306100845336914,10.718689918518066,1.164686679840088,2.0136899948120117,1.8694000244140625,1.0773999691009521,213.2989959716797,2.3425099849700928,1.3446643352508545,0.7997499704360962,0.46136999130249023,91.19300079345703,0.575400173664093,1.391890048980713,0.8039600253105164,332.83099365234375,158.875,17.833240509033203,10.125349998474121,3.634390115737915,9.24158000946045,1.2891499996185303,43.19404983520508,16.42234992980957,0.9264000058174133,0.5325000286102295,105.6719970703125,1.1622999906539917,0.6668400764465332,113.8499984741211,1.8487709760665894,1.7281320095062256,197.21676635742188,1.7301000356674194,1.61135995388031,0.9305700063705444,0.8652899861335754,183.88600158691406,11.70320987701416,2.0196499824523926,10.675000190734863,1.1593934297561646,1.9956200122833252,1.858839988708496,1.0727299451828003,212.01300048828125,2.329319953918457,1.3365589380264282,0.7961999773979187,0.45739999413490295,90.78399658203125,0.5727213025093079,1.3882999420166016,0.7993000149726868,331.0199890136719,158.22300720214844,17.65093994140625,10.053250312805176,3.6106998920440674,9.174699783325195,1.2864999771118164,43.129310607910156,16.33353042602539,0.9274680018424988,0.5342130064964294,105.85399627685547,1.1633700132369995,0.6681700944900513,114.11199951171875,1.8713630437850952,1.736199975013733,198.11900329589844,1.7428100109100342,1.616919994354248,0.9311599731445312,0.8664000034332275,184.5030059814453,11.710000038146973,2.026700019836426,10.706439971923828,1.1645103693008423,2.011270046234131,1.8657100200653076,1.0746599435806274,212.9320068359375,2.3399600982666016,1.3440680503845215,0.797290027141571,0.4591200053691864,90.9749984741211,0.5743297338485718,1.3885200023651123,0.7993999719619751,331.4599914550781,158.43600463867188,17.796899795532227,10.054900169372559,3.612600088119507,9.19219970703125,1.2876100540161133,43.16999816894531,16.38800048828125,0.0,0.0,0.0,0.0,0.0,0.0,0.0,0.0,0.0,0.0,0.0,0.0,0.0,0.0,0.0,0.0,0.0,0.0,0.0,0.0,0.0,0.0,0.0,0.0,0.0,0.0,0.0,0.0,0.0,0.0,0.0,0.0,0.0,0.0,0.0,0.0,0.0,0.0,0.0,0,0,0,0,0,0,0,0,0,0,0,0,0,0,0,0,0,0,0,0,0,0,0,0,0,0,0,0,0,0,0,0,0,0,0,0,0,0,0
2026-01-16,0.9306300282478333,0.5383599996566772,106.2770004272461,1.1667100191116333,0.6704210042953491,114.18499755859375,1.8569409847259521,1.7283600568771362,197.37892150878906,1.7321900129318237,1.6121699810028076,0.932669997215271,0.8675000071525574,184.10899353027344,11.733519554138184,2.0210700035095215,10.695240020751953,1.1609008312225342,1.9965300559997559,1.8583799600601196,1.0749000310897827,212.218994140625,2.3294498920440674,1.3381328582763672,0.7975199818611145,0.46132999658584595,91.072998046875,0.5743601322174072,1.3888399600982666,0.8034200072288513,331.4939880371094,158.5959930419922,17.65329933166504,10.106900215148926,3.626149892807007,9.212969779968262,1.2878899574279785,43.27220153808594,16.3302001953125,0.0,0.0,0.0,0.0,0.0,0.0,0.0,0.0,0.0,0.0,0.0,0.0,0.0,0.0,0.0,0.0,0.0,0.0,0.0,0.0,0.0,0.0,0.0,0.0,0.0,0.0,0.0,0.0,0.0,0.0,0.0,0.0,0.0,0.0,0.0,0.0,0.0,0.0,0.0,0.9319909811019897,0.5386340022087097,106.28399658203125,1.1665899753570557,0.6710057854652405,114.17900085449219,1.8664029836654663,1.735200047492981,197.44918823242188,1.7376799583435059,1.6155999898910522,0.9327800273895264,0.8678699731826782,184.13900756835938,11.748160362243652,2.020750045776367,10.724519729614258,1.1626555919647217,2.0038199424743652,1.863610029220581,1.0753300189971924,212.2480010986328,2.3293399810791016,1.3412916660308838,0.8007919788360596,0.4623900055885315,91.18399810791016,0.5768309831619263,1.3923699855804443,0.8039100170135498,332.7799987792969,158.67599487304688,17.727699279785156,10.120750427246094,3.6449999809265137,9.248319625854492,1.289929986000061,43.279598236083984,16.475799560546875,0.9282000064849854,0.5338000059127808,105.53299713134766,1.1610000133514404,0.6671799421310425,113.47200012207031,1.851166009902954,1.7283899784088135,196.78944396972656,1.7309999465942383,1.6117000579833984,0.9305199980735779,0.8659999966621399,183.2010040283203,11.70110034942627,2.013700008392334,10.691699981689453,1.1585471630096436,1.9959499835968018,1.8580299615859985,1.0728000402450562,211.38999938964844,2.323199987411499,1.3367375135421753,0.7976999878883362,0.4593000113964081,90.80599975585938,0.5742802619934082,1.388200044631958,0.800599992275238,331.05999755859375,157.8209991455078,17.631000518798828,10.069040298461914,3.6240999698638916,9.196499824523926,1.2865999937057495,43.1963996887207,16.306699752807617,0.9307100176811218,0.5382999777793884,106.25700378417969,1.1664700508117676,0.670286238193512,114.15899658203125,1.8572520017623901,1.7287399768829346,197.3172607421875,1.732300043106079,1.6124099493026733,0.932699978351593,0.8675199747085571,184.08700561523438,11.733909606933594,2.020750045776367,10.695890426635742,1.1609547138214111,1.9965800046920776,1.8584599494934082,1.0749000310897827,212.18899536132812,2.3290700912475586,1.338186502456665,0.7977399826049805,0.4611999988555908,91.0790023803711,0.5745013356208801,1.388949990272522,0.8030999898910522,331.7019958496094,158.57200622558594,17.64900016784668,10.106989860534668,3.626110076904297,9.213089942932129,1.2878400087356567,43.272499084472656,16.33163070678711,0.0,0.0,0.0,0.0,0.0,0.0,0.0,0.0,0.0,0.0,0.0,0.0,0.0,0.0,0.0,0.0,0.0,0.0,0.0,0.0,0.0,0.0,0.0,0.0,0.0,0.0,0.0,0.0,0.0,0.0,0.0,0.0,0.0,0.0,0.0,0.0,0.0,0.0,0.0,0,0,0,0,0,0,0,0,0,0,0,0,0,0,0,0,0,0,0,0,0,0,0,0,0,0,0,0,0,0,0,0,0,0,0,0,0,0,0
2026-01-19,0.9294000267982483,0.5340800285339355,105.3489990234375,1.1603070497512817,0.6687598824501038,113.3290023803711,1.871817946434021,1.7399300336837769,197.21836853027344,1.738029956817627,1.6156799793243408,0.9284399747848511,0.8672299981117249,183.1230010986328,11.706859588623047,2.0168399810791016,10.695989608764648,1.162493348121643,2.004040002822876,1.8628100156784058,1.0704400539398193,211.13999938964844,2.3255300521850586,1.3404287099838257,0.8008959889411926,0.46018001437187195,90.7750015258789,0.5763389468193054,1.3899400234222412,0.7987200021743774,331.1090087890625,157.53500366210938,17.63265037536621,10.071680068969727,3.6311299800872803,9.200860023498535,1.2867499589920044,43.26826858520508,16.408000946044922,0.0,0.0,0.0,0.0,0.0,0.0,0.0,0.0,0.0,0.0,0.0,0.0,0.0,0.0,0.0,0.0,0.0,0.0,0.0,0.0,0.0,0.0,0.0,0.0,0.0,0.0,0.0,0.0,0.0,0.0,0.0,0.0,0.0,0.0,0.0,0.0,0.0,0.0,0.0,0.9312099814414978,0.53547602891922,106.16300201416016,1.161020040512085,0.6718172430992126,114.0770034790039,1.8735400438308716,1.741379976272583,198.3800048828125,1.7395600080490112,1.6166800260543823,0.9296900033950806,0.8685500025749207,184.13099670410156,11.74425983428955,2.018589973449707,10.73717975616455,1.164958119392395,2.0048000812530518,1.8629000186920166,1.0719499588012695,212.37600708007812,2.3260600566864014,1.3433637619018555,0.8035240173339844,0.46202999353408813,91.61000061035156,0.5797998905181885,1.3905500173568726,0.8002099990844727,332.4519958496094,158.1479949951172,17.662839889526367,10.105050086975098,3.6388800144195557,9.24232006072998,1.2876800298690796,43.27463912963867,16.479419708251953,0.9280999898910522,0.5328999757766724,105.23799896240234,1.1574000120162964,0.6678500771522522,113.30999755859375,1.8625439405441284,1.7359739542007446,197.100830078125,1.733299970626831,1.6131000518798828,0.9271199703216553,0.866599977016449,183.01400756835938,11.698760032653809,2.007499933242798,10.689689636230469,1.1609547138214111,1.9989999532699585,1.8595949411392212,1.0687999725341797,210.8939971923828,2.3163299560546875,1.3382043838500977,0.8001000285148621,0.45980000495910645,90.74700164794922,0.5755792856216431,1.3859000205993652,0.7962999939918518,330.54998779296875,157.4250030517578,17.57819938659668,10.05070972442627,3.6231000423431396,9.189200401306152,1.28410005569458,43.24726104736328,16.35219955444336,0.929610013961792,0.5342550277709961,105.38400268554688,1.160290002822876,0.6688600778579712,113.3489990234375,1.8714679479599,1.7399100065231323,197.2404327392578,1.7377500534057617,1.6155500411987305,0.928409993648529,0.8672400116920471,183.1490020751953,11.707650184631348,2.0161800384521484,10.69530963897705,1.1623852252960205,2.003619909286499,1.8627300262451172,1.0704400539398193,211.16900634765625,2.3247299194335938,1.3403388261795044,0.8010200262069702,0.4603100121021271,90.80999755859375,0.5764685869216919,1.389989972114563,0.7987599968910217,331.1090087890625,157.56700134277344,17.634170532226562,10.07196044921875,3.6321299076080322,9.200980186462402,1.2867200374603271,43.270721435546875,16.409900665283203,0.0,0.0,0.0,0.0,0.0,0.0,0.0,0.0,0.0,0.0,0.0,0.0,0.0,0.0,0.0,0.0,0.0,0.0,0.0,0.0,0.0,0.0,0.0,0.0,0.0,0.0,0.0,0.0,0.0,0.0,0.0,0.0,0.0,0.0,0.0,0.0,0.0,0.0,0.0,0,0,0,0,0,0,0,0,0,0,0,0,0,0,0,0,0,0,0,0,0,0,0,0,0,0,0,0,0,0,0,0,0,0,0,0,0,0,0
2026-01-20,0.9308509826660156,0.5353099703788757,106.12699890136719,1.158079981803894,0.6709878444671631,114.0009994506836,1.8675899505615234,1.7386399507522583,198.22300720214844,1.7345499992370605,1.614650011062622,0.9286400079727173,0.86735999584198,184.10299682617188,11.710869789123535,2.0089499950408936,10.710989952087402,1.1639139652252197,1.999709963798523,1.8616199493408203,1.0703999996185303,212.23699951171875,2.3148000240325928,1.3418315649032593,0.803600013256073,0.462119996547699,91.61000061035156,0.5793507695198059,1.3874000310897827,0.7978900074958801,331.03900146484375,158.177001953125,17.57710075378418,10.061779975891113,3.6259000301361084,9.202890396118164,1.2852200269699097,43.276100158691406,16.370819091796875,0.0,0.0,0.0,0.0,0.0,0.0,0.0,0.0,0.0,0.0,0.0,0.0,0.0,0.0,0.0,0.0,0.0,0.0,0.0,0.0,0.0,0.0,0.0,0.0,0.0,0.0,0.0,0.0,0.0,0.0,0.0,0.0,0.0,0.0,0.0,0.0,0.0,0.0,0.0,0.9337400197982788,0.5367599725723267,106.81300354003906,1.1588000059127808,0.6747183203697205,114.4749984741211,1.8828489780426025,1.752869963645935,200.1149444580078,1.7446099519729614,1.6238199472427368,0.9291200041770935,0.8729100227355957,185.41799926757812,11.752220153808594,2.0126900672912598,10.740690231323242,1.1747016906738281,2.0041000843048096,1.8662099838256836,1.0708199739456177,213.46499633789062,2.3166799545288086,1.34916353225708,0.8088899850845337,0.46465998888015747,92.48899841308594,0.5851683020591736,1.3878099918365479,0.7983800172805786,331.3299865722656,158.5919952392578,17.656190872192383,10.064279556274414,3.6303999423980713,9.215229988098145,1.2857999801635742,43.288551330566406,16.482999801635742,0.9297000169754028,0.5299999713897705,105.91500091552734,1.151900053024292,0.6707101464271545,113.76899719238281,1.8590819835662842,1.7377699613571167,197.90493774414062,1.7306699752807617,1.613700032234192,0.9257299900054932,0.8670200109481812,183.7689971923828,11.68850040435791,1.9982999563217163,10.691699981689453,1.1633453369140625,1.9941400289535522,1.8581199645996094,1.0611900091171265,211.8489990234375,2.2997000217437744,1.3410991430282593,0.8029000163078308,0.460099995136261,91.51699829101562,0.5789985656738281,1.3814799785614014,0.7883999943733215,327.7179870605469,157.5659942626953,17.553499221801758,9.965999603271484,3.5957000255584717,9.11128044128418,1.2812000513076782,43.25297927856445,16.35260009765625,0.9310029745101929,0.5354099869728088,106.14199829101562,1.1583000421524048,0.6710689067840576,114.00700378417969,1.8672900199890137,1.7385300397872925,198.2220001220703,1.7344000339508057,1.6147700548171997,0.9286999702453613,0.867330014705658,184.10899353027344,11.710309982299805,2.00888991355896,10.712510108947754,1.1639952659606934,1.999619960784912,1.8617299795150757,1.0705000162124634,212.25999450683594,2.316270112991333,1.3419216871261597,0.8035100102424622,0.462119996547699,91.62200164794922,0.5793507695198059,1.3874000310897827,0.797950029373169,331.0419921875,158.17999267578125,17.589099884033203,10.059619903564453,3.6278300285339355,9.203510284423828,1.2852100133895874,43.27539825439453,16.392770767211914,0.0,0.0,0.0,0.0,0.0,0.0,0.0,0.0,0.0,0.0,0.0,0.0,0.0,0.0,0.0,0.0,0.0,0.0,0.0,0.0,0.0,0.0,0.0,0.0,0.0,0.0,0.0,0.0,0.0,0.0,0.0,0.0,0.0,0.0,0.0,0.0,0.0,0.0,0.0,0,0,0,0,0,0,0,0,0,0,0,0,0,0,0,0,0,0,0,0,0,0,0,0,0,0,0,0,0,0,0,0,0,0,0,0,0,0,0
2026-01-21,0.9310100078582764,0.531470000743866,106.45999908447266,1.1551400423049927,0.6731699109077454,114.3290023803711,1.8810429573059082,1.7515599727630615,200.26800537109375,1.742050051689148,1.622189998626709,0.9259799718856812,0.8725000023841858,185.48199462890625,11.721540451049805,2.0124599933624268,10.697179794311523,1.1727865934371948,1.9964200258255005,1.8587000370025635,1.0611499547958374,212.56399536132812,2.306380033493042,1.344085931777954,0.805400013923645,0.459989994764328,92.14800262451172,0.5827301740646362,1.3832999467849731,0.7894999980926514,328.1199951171875,158.16200256347656,17.591999053955078,9.993260383605957,3.600800037384033,9.121990203857422,1.2837899923324585,43.289398193359375,16.41029930114746,0.0,0.0,0.0,0.0,0.0,0.0,0.0,0.0,0.0,0.0,0.0,0.0,0.0,0.0,0.0,0.0,0.0,0.0,0.0,0.0,0.0,0.0,0.0,0.0,0.0,0.0,0.0,0.0,0.0,0.0,0.0,0.0,0.0,0.0,0.0,0.0,0.0,0.0,0.0,0.9352020025253296,0.5378509759902954,107.18499755859375,1.1576999425888062,0.6777501702308655,114.6780014038086,1.880679965019226,1.7521300315856934,200.27093505859375,1.7417999505996704,1.6222800016403198,0.9298400282859802,0.8745499849319458,185.52099609375,11.720120429992676,2.013629913330078,10.699509620666504,1.1742602586746216,1.996880054473877,1.8601900339126587,1.0671299695968628,212.74200439453125,2.308459997177124,1.3458588123321533,0.8095129728317261,0.4646100103855133,92.67900085449219,0.5866891741752625,1.384220004081726,0.794219970703125,329.4289855957031,158.2969970703125,17.605899810791016,9.997349739074707,3.6117498874664307,9.138750076293945,1.2843799591064453,43.30619812011719,16.421030044555664,0.9307979941368103,0.5311999917030334,106.29900360107422,1.1526000499725342,0.6728098392486572,114.08000183105469,1.857699990272522,1.7374199628829956,199.1797332763672,1.727929949760437,1.614490032196045,0.9256899952888489,0.8708000183105469,184.81900024414062,11.627120018005371,1.999079942703247,10.631799697875977,1.169700026512146,1.9823700189590454,1.8512500524520874,1.058859944343567,211.65199279785156,2.287899971008301,1.3402490615844727,0.8051000237464905,0.4596000015735626,92.0270004272461,0.5822416543960571,1.3787000179290771,0.7888000011444092,327.7799987792969,157.75,17.416900634765625,9.908980369567871,3.5957000255584717,9.062339782714844,1.2812999486923218,43.27299880981445,16.22279930114746,0.9312589764595032,0.53165602684021,106.46199798583984,1.1552200317382812,0.6732012033462524,114.31900024414062,1.8806099891662598,1.751420021057129,200.2423858642578,1.7417099475860596,1.6219799518585205,0.926010012626648,0.8724200129508972,185.45399475097656,11.720120429992676,2.012160062789917,10.69579029083252,1.1726078987121582,1.9963500499725342,1.8590199947357178,1.0613700151443481,212.55099487304688,2.306190013885498,1.3439956903457642,0.8059099912643433,0.4600900113582611,92.14399719238281,0.5827298760414124,1.3833800554275513,0.7897400259971619,328.1910095214844,158.156005859375,17.590099334716797,9.995360374450684,3.601609945297241,9.1216402053833,1.284019947052002,43.2943000793457,16.410400390625,0.0,0.0,0.0,0.0,0.0,0.0,0.0,0.0,0.0,0.0,0.0,0.0,0.0,0.0,0.0,0.0,0.0,0.0,0.0,0.0,0.0,0.0,0.0,0.0,0.0,0.0,0.0,0.0,0.0,0.0,0.0,0.0,0.0,0.0,0.0,0.0,0.0,0.0,0.0,0,0,0,0,0,0,0,0,0,0,0,0,0,0,0,0,0,0,0,0,0,0,0,0,0,0,0,0,0,0,0,0,0,0,0,0,0,0,0
2026-01-22,0.9350169897079468,0.5378699898719788,107.01699829101562,1.1569900512695312,0.6754794120788574,114.46600341796875,1.8587199449539185,1.7380499839782715,198.9545135498047,1.7279800176620483,1.6156200170516968,0.9295399785041809,0.8698099851608276,184.9600067138672,11.63306999206543,1.99931001663208,10.63992977142334,1.1672970056533813,1.9864699840545654,1.8571699857711792,1.06850004196167,212.6199951171875,2.298409938812256,1.3419395685195923,0.8079900145530701,0.4647899866104126,92.48799896240234,0.5838188529014587,1.3843200206756592,0.7963899970054626,328.8699951171875,158.45599365234375,17.482500076293945,9.965239524841309,3.6068100929260254,9.114890098571777,1.285290002822876,43.295799255371094,16.262710571289062,0.0,0.0,0.0,0.0,0.0,0.0,0.0,0.0,0.0,0.0,0.0,0.0,0.0,0.0,0.0,0.0,0.0,0.0,0.0,0.0,0.0,0.0,0.0,0.0,0.0,0.0,0.0,0.0,0.0,0.0,0.0,0.0,0.0,0.0,0.0,0.0,0.0,0.0,0.0,0.9432899951934814,0.5415499806404114,108.2020034790039,1.1622799634933472,0.6838074326515198,114.99800109863281,1.8590400218963623,1.7461999654769897,200.39552307128906,1.7281299829483032,1.6207400560379028,0.9300299882888794,0.8731899857521057,185.99899291992188,11.64363956451416,2.0006799697875977,10.646089553833008,1.1750743389129639,1.986299991607666,1.8625500202178955,1.068600058555603,213.64300537109375,2.298909902572632,1.349800944328308,0.8145189881324768,0.46663999557495117,93.47799682617188,0.5904407501220703,1.38441002368927,0.7963100075721741,329.1300048828125,158.875,17.51194953918457,9.968029975891113,3.609369993209839,9.11614990234375,1.285290002822876,43.307029724121094,16.275699615478516,0.9350000023841858,0.5378000140190125,106.96700286865234,1.1562000513076782,0.6754702925682068,114.35600280761719,1.844338059425354,1.737280011177063,198.80299377441406,1.7158399820327759,1.6147500276565552,0.9272599816322327,0.8692799806594849,184.80799865722656,11.5552396774292,1.9879000186920166,10.57289981842041,1.167392373085022,1.9685800075531006,1.8517800569534302,1.062459945678711,212.375,2.278719902038574,1.3410578966140747,0.8073999881744385,0.4641000032424927,92.38099670410156,0.5837609171867371,1.379140019416809,0.7896999716758728,324.8299865722656,158.2030029296875,17.43470001220703,9.862649917602539,3.5697999000549316,9.012900352478027,1.2806999683380127,43.24026870727539,16.12689971923828,0.9352750182151794,0.5378000140190125,107.0250015258789,1.1570299863815308,0.6754702925682068,114.4520034790039,1.8590120077133179,1.7384099960327148,198.98500061035156,1.7281299829483032,1.6158499717712402,0.9294700026512146,0.8699100017547607,184.97000122070312,11.638099670410156,1.9996000528335571,10.642399787902832,1.167392373085022,1.986299991607666,1.8576500415802002,1.06836998462677,212.62399291992188,2.298609972000122,1.3417415618896484,0.8079900145530701,0.4646899998188019,92.47899627685547,0.5837711691856384,1.38441002368927,0.7962700128555298,329.1300048828125,158.45700073242188,17.493900299072266,9.966560363769531,3.60686993598938,9.115699768066406,1.285290002822876,43.28744888305664,16.268789291381836,0.0,0.0,0.0,0.0,0.0,0.0,0.0,0.0,0.0,0.0,0.0,0.0,0.0,0.0,0.0,0.0,0.0,0.0,0.0,0.0,0.0,0.0,0.0,0.0,0.0,0.0,0.0,0.0,0.0,0.0,0.0,0.0,0.0,0.0,0.0,0.0,0.0,0.0,0.0,0,0,0,0,0,0,0,0,0,0,0,0,0,0,0,0,0,0,0,0,0,0,0,0,0,0,0,0,0,0,0,0,0,0,0,0,0,0,0
2026-01-w23,0.9428399801254272,0.5396999716758728,108.40299987792969,1.1560900211334229,0.6840506792068481,114.97699737548828,1.8524689674377441,1.746709942817688,200.85800170898438,1.718309998512268,1.6201499700546265,0.9274299740791321,0.8705899715423584,186.2899932861328,11.576129913330078,1.9865599870681763,10.581279754638672,1.1754610538482666,1.973520040512085,1.8608700037002563,1.065000057220459,213.9720001220703,2.2816200256347656,1.3501288890838623,0.8153600096702576,0.46630001068115234,93.75900268554688,0.5916704535484314,1.3784099817276,0.7889999747276306,324.79998779296875,158.50100708007812,17.46809959411621,9.847800254821777,3.5703001022338867,9.00238037109375,1.2800999879837036,43.339900970458984,16.12579917907715,0.0,0.0,0.0,0.0,0.0,0.0,0.0,0.0,0.0,0.0,0.0,0.0,0.0,0.0,0.0,0.0,0.0,0.0,0.0,0.0,0.0,0.0,0.0,0.0,0.0,0.0,0.0,0.0,0.0,0.0,0.0,0.0,0.0,0.0,0.0,0.0,0.0,0.0,0.0,0.9452109932899475,0.5429499745368958,108.98899841308594,1.1613500118255615,0.688098669052124,115.41600036621094,1.852674961090088,1.7470799684524536,201.2776336669922,1.718369960784912,1.6205500364303589,0.9286900162696838,0.8708599805831909,186.8560028076172,11.581000328063965,1.9912300109863281,10.603850364685059,1.1775649785995483,1.9799400568008423,1.8667199611663818,1.0713200569152832,214.8350067138672,2.2963900566101074,1.3597116470336914,0.8161900043487549,0.46757999062538147,94.01200103759766,0.593250036239624,1.3799099922180176,0.7913699746131897,326.22100830078125,159.20700073242188,17.493749618530273,9.870209693908691,3.5857601165771484,9.037240028381348,1.280809998512268,43.37480163574219,16.21249008178711,0.9423999786376953,0.5394999980926514,107.8010025024414,1.1555999517440796,0.6834797859191895,114.20600128173828,1.8402650356292725,1.7390600442886353,199.39999389648438,1.709879994392395,1.614400029182434,0.9269400238990784,0.8657400012016296,184.99400329589844,11.533809661865234,1.9838999509811401,10.56470012664795,1.1728966236114502,1.9680700302124023,1.8592000007629395,1.065000057220459,212.71600341796875,2.2793800830841064,1.3483449220657349,0.8122000098228455,0.4659000039100647,93.03900146484375,0.5893203616142273,1.3724000453948975,0.7874000072479248,324.38299560546875,157.39199829101562,17.422500610351562,9.809419631958008,3.5692999362945557,8.990360260009766,1.2756799459457397,43.28779983520508,16.068700790405273,0.9428470134735107,0.5397650003433228,108.38899993896484,1.155959963798523,0.6839991807937622,114.96499633789062,1.852674961090088,1.7467000484466553,200.83119201660156,1.718369960784912,1.6198999881744385,0.9274399876594543,0.8706099987030029,186.2760009765625,11.575160026550293,1.9863899946212769,10.580450057983398,1.1753920316696167,1.9734100103378296,1.8606599569320679,1.0651600360870361,213.9429931640625,2.2814600467681885,1.350001335144043,0.8154000043869019,0.4667400121688843,93.75399780273438,0.5916914343833923,1.378499984741211,0.7889999747276306,324.6809997558594,158.48800659179688,17.468700408935547,9.848299980163574,3.5712499618530273,9.002340316772461,1.2804700136184692,43.339900970458984,16.115610122680664,0.0,0.0,0.0,0.0,0.0,0.0,0.0,0.0,0.0,0.0,0.0,0.0,0.0,0.0,0.0,0.0,0.0,0.0,0.0,0.0,0.0,0.0,0.0,0.0,0.0,0.0,0.0,0.0,0.0,0.0,0.0,0.0,0.0,0.0,0.0,0.0,0.0,0.0,0.0,0,0,0,0,0,0,0,0,0,0,0,0,0,0,0,0,0,0,0,0,0,0,0,0,0,0,0,0,0,0,0,0,0,0,0,0,0,0,0
2026-01-26,0.9473099708557129,0.5378000140190125,107.27300262451172,1.159890055656433,0.691399872303009,113.23699951171875,1.858909010887146,1.7609399557113647,199.4347686767578,1.7149900197982788,1.6245700120925903,0.9224299788475037,0.8678799867630005,183.9949951171875,11.55171012878418,1.9893699884414673,10.567330360412598,1.1858457326889038,1.9759900569915771,1.8716800212860107,1.062749981880188,211.9810028076172,2.291840076446533,1.3662508726119995,0.8164299726486206,0.46358999609947205,92.46700286865234,0.596039891242981,1.3701900243759155,0.7778699994087219,321.6440124511719,155.16600036621094,17.370479583740234,9.740229606628418,3.547689914703369,8.911060333251953,1.2711199522018433,43.38639831542969,16.04631996154785,0.0,0.0,0.0,0.0,0.0,0.0,0.0,0.0,0.0,0.0,0.0,0.0,0.0,0.0,0.0,0.0,0.0,0.0,0.0,0.0,0.0,0.0,0.0,0.0,0.0,0.0,0.0,0.0,0.0,0.0,0.0,0.0,0.0,0.0,0.0,0.0,0.0,0.0,0.0,0.9497600197792053,0.5386899709701538,107.29199981689453,1.1609790325164795,0.6940998435020447,113.35199737548828,1.8637239933013916,1.7685699462890625,199.47598266601562,1.716189980506897,1.6282099485397339,0.923039972782135,0.8685399889945984,184.03500366210938,11.618459701538086,1.9912199974060059,10.628669738769531,1.1904903650283813,1.9781500101089478,1.8768199682235718,1.063330054283142,212.0330047607422,2.2942099571228027,1.3712530136108398,0.8200100064277649,0.46465998888015747,92.48699951171875,0.5996893644332886,1.3711899518966675,0.7793099880218506,322.7929992675781,155.3260040283203,17.395309448242188,9.80737018585205,3.555340051651001,8.979419708251953,1.2714899778366089,43.391849517822266,16.097200393676758,0.9452000260353088,0.5347999930381775,106.11000061035156,1.156599998474121,0.690779983997345,112.09100341796875,1.8504810333251953,1.75667405128479,197.32064819335938,1.71110999584198,1.6205600500106812,0.9195899963378906,0.8668100237846375,181.80999755859375,11.53600025177002,1.9823100566864014,10.547459602355957,1.183712124824524,1.9723800420761108,1.8676899671554565,1.0596400499343872,209.63999938964844,2.2862000465393066,1.3643310070037842,0.814300000667572,0.4603999853134155,91.54100036621094,0.5954294800758362,1.3671000003814697,0.7731800079345703,320.2699890136719,153.35299682617188,17.24530029296875,9.714790344238281,3.5314600467681885,8.884140014648438,1.2676000595092773,43.35139846801758,15.934220314025879,0.9470499753952026,0.5378199815750122,107.26799774169922,1.1597750186920166,0.6912899613380432,113.22799682617188,1.8587599992752075,1.7606500387191772,199.4219970703125,1.7152199745178223,1.6245800256729126,0.9225500226020813,0.8678900003433228,184.01100158691406,11.546600341796875,1.9894200563430786,10.556209564208984,1.1858175992965698,1.9760700464248657,1.8716299533843994,1.0628600120544434,211.99400329589844,2.2921600341796875,1.3662508726119995,0.8164730072021484,0.46362000703811646,92.4729995727539,0.5960292220115662,1.3701800107955933,0.7780900001525879,321.8689880371094,155.18699645996094,17.37335968017578,9.737119674682617,3.5477499961853027,8.902139663696289,1.2711399793624878,43.38898849487305,16.071979522705078,0.0,0.0,0.0,0.0,0.0,0.0,0.0,0.0,0.0,0.0,0.0,0.0,0.0,0.0,0.0,0.0,0.0,0.0,0.0,0.0,0.0,0.0,0.0,0.0,0.0,0.0,0.0,0.0,0.0,0.0,0.0,0.0,0.0,0.0,0.0,0.0,0.0,0.0,0.0,0,0,0,0,0,0,0,0,0,0,0,0,0,0,0,0,0,0,0,0,0,0,0,0,0,0,0,0,0,0,0,0,0,0,0,0,0,0,0
2026-01-27,0.9480869770050049,0.5373899936676025,106.71099853515625,1.15802001953125,0.691472053527832,112.52999877929688,1.8603960275650024,1.7638399600982666,198.53878784179688,1.717360019683838,1.6283199787139893,0.923009991645813,0.8682000041007996,183.27000427246094,11.607799530029297,1.9889099597930908,10.613570213317871,1.1876484155654907,1.9778800010681152,1.875309944152832,1.0629899501800537,211.08200073242188,2.290570020675659,1.3677457571029663,0.8184300065040588,0.463919997215271,92.13099670410156,0.5970701575279236,1.3711999654769897,0.777239978313446,321.04901123046875,154.33599853515625,17.35540008544922,9.7716703414917,3.5403099060058594,8.937820434570312,1.2700999975204468,43.38180160522461,16.014999389648438,0.0,0.0,0.0,0.0,0.0,0.0,0.0,0.0,0.0,0.0,0.0,0.0,0.0,0.0,0.0,0.0,0.0,0.0,0.0,0.0,0.0,0.0,0.0,0.0,0.0,0.0,0.0,0.0,0.0,0.0,0.0,0.0,0.0,0.0,0.0,0.0,0.0,0.0,0.0,0.9508100152015686,0.5380200147628784,107.07499694824219,1.1605099439620972,0.6983240246772766,112.74600219726562,1.8726589679718018,1.777590036392212,199.70330810546875,1.7192599773406982,1.632580041885376,0.9236000180244446,0.8697699904441833,183.66400146484375,11.618339538574219,1.992460012435913,10.62205982208252,1.1989833116531372,1.980530023574829,1.880519986152649,1.0642600059509277,211.72900390625,2.2957699298858643,1.3790820837020874,0.8203740119934082,0.4641000032424927,92.3499984741211,0.602279007434845,1.373829960823059,0.7784000039100647,322.8739929199219,154.86900329589844,17.358600616455078,9.799750328063965,3.5508599281311035,8.961870193481445,1.2707200050354004,43.40510177612305,16.068899154663086,0.9473400115966797,0.5332000255584717,106.24700164794922,1.1572999954223633,0.690231204032898,111.91400146484375,1.8518520593643188,1.7638700008392334,197.69577026367188,1.714110016822815,1.6260000467300415,0.9168599843978882,0.8670399785041809,182.38099670410156,11.511500358581543,1.9874999523162842,10.544529914855957,1.185185194015503,1.9731700420379639,1.8707900047302246,1.0552500486373901,210.12600708007812,2.2864999771118164,1.3665122985839844,0.8169999718666077,0.45890000462532043,91.5469970703125,0.5956387519836426,1.3590999841690063,0.7657999992370605,316.5459899902344,152.89100646972656,17.20244026184082,9.604829788208008,3.4983999729156494,8.808650016784668,1.2625900506973267,43.3720703125,15.954660415649414,0.9479600191116333,0.5373200178146362,106.6989974975586,1.1579999923706055,0.6913382411003113,112.53600311279297,1.8605690002441406,1.7640899419784546,198.5478515625,1.7174400091171265,1.6282999515533447,0.9229199886322021,0.8682299852371216,183.27200317382812,11.606019973754883,1.9889400005340576,10.615519523620605,1.1874228715896606,1.9779499769210815,1.8751800060272217,1.0628999471664429,211.07000732421875,2.290719985961914,1.3675214052200317,0.8184099793434143,0.4638899862766266,92.12300109863281,0.5969685912132263,1.371399998664856,0.7773399949073792,320.9729919433594,154.3489990234375,17.356599807739258,9.773759841918945,3.5408999919891357,8.940360069274902,1.2702000141143799,43.382301330566406,16.035709381103516,0.0,0.0,0.0,0.0,0.0,0.0,0.0,0.0,0.0,0.0,0.0,0.0,0.0,0.0,0.0,0.0,0.0,0.0,0.0,0.0,0.0,0.0,0.0,0.0,0.0,0.0,0.0,0.0,0.0,0.0,0.0,0.0,0.0,0.0,0.0,0.0,0.0,0.0,0.0,0,0,0,0,0,0,0,0,0,0,0,0,0,0,0,0,0,0,0,0,0,0,0,0,0,0,0,0,0,0,0,0,0,0,0,0,0,0,0
2026-01-28,0.9502999782562256,0.5338500142097473,106.6500015258789,1.159600019454956,0.6995800137519836,112.15399932861328,1.8725539445877075,1.7806099653244019,199.71800231933594,1.7176799774169922,1.6331199407577515,0.9171000123023987,0.8692600131034851,183.20700073242188,11.523799896240234,1.9934200048446655,10.548469543457031,1.2017642259597778,1.9758700132369995,1.878640055656433,1.0549299716949463,210.75,2.2932300567626953,1.3824374675750732,0.8190199732780457,0.45991000533103943,91.87999725341797,0.6027800440788269,1.3591500520706177,0.7631999850273132,315.6099853515625,152.4530029296875,17.162500381469727,9.588350296020508,3.4925100803375244,8.78439998626709,1.260699987411499,43.41460037231445,15.857760429382324,0.0,0.0,0.0,0.0,0.0,0.0,0.0,0.0,0.0,0.0,0.0,0.0,0.0,0.0,0.0,0.0,0.0,0.0,0.0,0.0,0.0,0.0,0.0,0.0,0.0,0.0,0.0,0.0,0.0,0.0,0.0,0.0,0.0,0.0,0.0,0.0,0.0,0.0,0.0,0.9541199803352356,0.5389429926872253,107.51899719238281,1.1632000207901,0.7020997405052185,113.26799774169922,1.873291015625,1.7813999652862549,199.95748901367188,1.7182999849319458,1.6344300508499146,0.9208999872207642,0.8696200251579285,183.55599975585938,11.5378999710083,1.995479941368103,10.597029685974121,1.2023565769195557,1.9763799905776978,1.8799500465393066,1.0614900588989258,211.8509979248047,2.29584002494812,1.3829345703125,0.8204399943351746,0.46465998888015747,92.7020034790039,0.6044487357139587,1.3613899946212769,0.7715700268745422,319.593994140625,153.76600646972656,17.257299423217773,9.653650283813477,3.527479887008667,8.883549690246582,1.2648199796676636,43.43130111694336,15.967720031738281,0.9465600252151489,0.5335999727249146,106.63800048828125,1.158519983291626,0.697759747505188,112.09200286865234,1.850823998451233,1.7587599754333496,198.5240020751953,1.7063900232315063,1.617959976196289,0.916949987411499,0.8658499717712402,182.55999755859375,11.49269962310791,1.9789400100708008,10.548399925231934,1.1921935081481934,1.9661400318145752,1.8652900457382202,1.0547000169754028,210.07000732421875,2.2808001041412354,1.3751943111419678,0.8166999816894531,0.4598200023174286,91.76899719238281,0.6009904146194458,1.353700041770935,0.7628999948501587,315.3299865722656,152.3300018310547,17.141010284423828,9.565489768981934,3.488640069961548,8.774609565734863,1.2588399648666382,43.382999420166016,15.778599739074707,0.9508900046348572,0.5337619781494141,106.70600128173828,1.1603000164031982,0.6996397376060486,112.18000030517578,1.8730800151824951,1.7812299728393555,199.90025329589844,1.7182999849319458,1.6339499950408936,0.9171800017356873,0.8694999814033508,183.3719940185547,11.525489807128906,1.993880033493042,10.558489799499512,1.2022699117660522,1.9760799407958984,1.8790899515151978,1.0547300577163696,210.88900756835938,2.2930500507354736,1.3825522661209106,0.819320023059845,0.45983999967575073,91.9469985961914,0.6029689908027649,1.3592100143432617,0.7629200220108032,315.8919982910156,152.5189971923828,17.147600173950195,9.586469650268555,3.4909400939941406,8.782039642333984,1.2607200145721436,43.411800384521484,15.86067008972168,0.0,0.0,0.0,0.0,0.0,0.0,0.0,0.0,0.0,0.0,0.0,0.0,0.0,0.0,0.0,0.0,0.0,0.0,0.0,0.0,0.0,0.0,0.0,0.0,0.0,0.0,0.0,0.0,0.0,0.0,0.0,0.0,0.0,0.0,0.0,0.0,0.0,0.0,0.0,0,0,0,0,0,0,0,0,0,0,0,0,0,0,0,0,0,0,0,0,0,0,0,0,0,0,0,0,0,0,0,0,0,0,0,0,0,0,0
2026-01-29,0.9528300166130066,0.5390200018882751,107.76899719238281,1.1606299877166748,0.7039799094200134,113.08000183105469,1.8546340465545654,1.7676500082015991,199.88299560546875,1.7008999586105347,1.6211999654769897,0.917110025882721,0.8662999868392944,183.36000061035156,11.459329605102539,1.9746299982070923,10.558150291442871,1.1977769136428833,1.9635200500488281,1.8711800575256348,1.0585099458694458,211.63900756835938,2.279289960861206,1.382533073425293,0.8209409713745117,0.4643299877643585,92.83499908447266,0.6065311431884766,1.353790044784546,0.7657399773597717,317.20001220703125,153.0959930419922,17.149900436401367,9.567660331726074,3.50954008102417,8.815130233764648,1.2613199949264526,43.40729904174805,15.710020065307617,0.0,0.0,0.0,0.0,0.0,0.0,0.0,0.0,0.0,0.0,0.0,0.0,0.0,0.0,0.0,0.0,0.0,0.0,0.0,0.0,0.0,0.0,0.0,0.0,0.0,0.0,0.0,0.0,0.0,0.0,0.0,0.0,0.0,0.0,0.0,0.0,0.0,0.0,0.0,0.9588900208473206,0.5430020093917847,108.54399871826172,1.1644999980926514,0.7093999981880188,113.53199768066406,1.8659499883651733,1.7695800065994263,200.09585571289062,1.709689974784851,1.6220699548721313,0.9183200001716614,0.8670799732208252,183.69700622558594,11.476340293884277,1.978350043296814,10.585240364074707,1.1994577646255493,1.9723999500274658,1.8720300197601318,1.0607199668884277,212.1479949951172,2.2832698822021484,1.3846771717071533,0.8235800266265869,0.46667999029159546,93.25199890136719,0.6093288064002991,1.3575299978256226,0.7703199982643127,320.57501220703125,153.50599670410156,17.337400436401367,9.623680114746094,3.5381600856781006,8.873729705810547,1.2683000564575195,43.42591094970703,15.927300453186035,0.945580005645752,0.5357300043106079,106.5459976196289,1.1563999652862549,0.6972100138664246,112.6259994506836,1.835198998451233,1.7592899799346924,198.6051483154297,1.6896400451660156,1.6143100261688232,0.9158200025558472,0.8650000095367432,182.1219940185547,11.359939575195312,1.9653500318527222,10.533900260925293,1.1908447742462158,1.9507800340652466,1.8633999824523926,1.056480050086975,210.072998046875,2.2713799476623535,1.3748350143432617,0.8170899748802185,0.462799996137619,92.05899810791016,0.6025112867355347,1.3495999574661255,0.764680027961731,316.5060119628906,152.75900268554688,17.101299285888672,9.49409008026123,3.502700090408325,8.78689956665039,1.2604999542236328,43.4033203125,15.62969970703125,0.953029990196228,0.538919985294342,107.7770004272461,1.1608400344848633,0.703937828540802,113.08200073242188,1.855012059211731,1.768049955368042,199.94500732421875,1.7012200355529785,1.621500015258789,0.9169300198554993,0.866320013999939,183.38099670410156,11.461899757385254,1.9747400283813477,10.55797004699707,1.1976622343063354,1.9635000228881836,1.8716100454330444,1.0582499504089355,211.65899658203125,2.2796199321746826,1.382341980934143,0.8207100033760071,0.4641200006008148,92.83100128173828,0.6063803434371948,1.354009985923767,0.7656700015068054,317.2749938964844,153.12399291992188,17.1648006439209,9.570380210876465,3.510420083999634,8.815730094909668,1.2625600099563599,43.40729904174805,15.7081298828125,0.0,0.0,0.0,0.0,0.0,0.0,0.0,0.0,0.0,0.0,0.0,0.0,0.0,0.0,0.0,0.0,0.0,0.0,0.0,0.0,0.0,0.0,0.0,0.0,0.0,0.0,0.0,0.0,0.0,0.0,0.0,0.0,0.0,0.0,0.0,0.0,0.0,0.0,0.0,0,0,0,0,0,0,0,0,0,0,0,0,0,0,0,0,0,0,0,0,0,0,0,0,0,0,0,0,0,0,0,0,0,0,0,0,0,0,0
2026-01-30,0.9508000016212463,0.5387089848518372,107.93099975585938,1.159890055656433,0.7047300934791565,113.51000213623047,1.8559759855270386,1.7647099494934082,200.32899475097656,1.6978600025177002,1.614259958267212,0.9146599769592285,0.8666599988937378,183.26600646972656,11.407699584960938,1.9694099426269531,10.533820152282715,1.19657301902771,1.9588700532913208,1.862481951713562,1.0552699565887451,211.42999267578125,2.2721800804138184,1.380643367767334,0.8195300102233887,0.4643000066280365,93.04100036621094,0.6075703501701355,1.3492000102996826,0.7644100189208984,317.5799865722656,153.16200256347656,17.22517967224121,9.533720016479492,3.513849973678589,8.802579879760742,1.2638700008392334,43.455101013183594,15.7183198928833,0.0,0.0,0.0,0.0,0.0,0.0,0.0,0.0,0.0,0.0,0.0,0.0,0.0,0.0,0.0,0.0,0.0,0.0,0.0,0.0,0.0,0.0,0.0,0.0,0.0,0.0,0.0,0.0,0.0,0.0,0.0,0.0,0.0,0.0,0.0,0.0,0.0,0.0,0.0,0.9509900212287903,0.5404160022735596,108.56600189208984,1.1605499982833862,0.7055171132087708,114.43399810791016,1.8633769750595093,1.7651300430297852,201.14559936523438,1.7075899839401245,1.614490032196045,0.9172800183296204,0.8674200177192688,184.0489959716797,11.470199584960938,1.9734400510787964,10.568739891052246,1.1973466873168945,1.9701000452041626,1.8628699779510498,1.0583100318908691,212.43699645996094,2.277290105819702,1.3814444541931152,0.8215399980545044,0.4668799936771393,93.86499786376953,0.6080394983291626,1.3563899993896484,0.7715399861335754,320.87701416015625,154.74600219726562,17.3710994720459,9.62261962890625,3.5439400672912598,8.873319625854492,1.2706400156021118,43.50048065185547,16.054000854492188,0.9443299770355225,0.5351999998092651,107.2969970703125,1.154579997062683,0.6969097852706909,113.49600219726562,1.848086953163147,1.7565300464630127,199.84716796875,1.694350004196167,1.6075999736785889,0.9145100116729736,0.86558997631073,183.04400634765625,11.380620002746582,1.9606300592422485,10.505929946899414,1.187394618988037,1.9552600383758545,1.8558499813079834,1.0549999475479126,211.30799865722656,2.2628400325775146,1.371478796005249,0.8167200088500977,0.46369999647140503,92.8010025024414,0.6033182144165039,1.3483999967575073,0.7638000249862671,317.4880065917969,153.0850067138672,17.20490074157715,9.52318000793457,3.509700059890747,8.789340019226074,1.2630000114440918,43.38594055175781,15.71399974822998,0.9507970213890076,0.5387200117111206,107.94599914550781,1.159749984741211,0.7048999667167664,113.52300262451172,1.8555970191955566,1.7645200490951538,200.33883666992188,1.6976799964904785,1.6142200231552124,0.9147300124168396,0.8666499853134155,183.2779998779297,11.411540031433105,1.968999981880188,10.535539627075195,1.1967878341674805,1.958799958229065,1.8626099824905396,1.0553900003433228,211.4669952392578,2.2719600200653076,1.3809102773666382,0.8196300268173218,0.4643999934196472,93.06099700927734,0.6077808141708374,1.34893000125885,0.7643600106239319,317.718994140625,153.14700317382812,17.22480010986328,9.53219985961914,3.5132200717926025,8.802980422973633,1.2637399435043335,43.455101013183594,15.721599578857422,0.0,0.0,0.0,0.0,0.0,0.0,0.0,0.0,0.0,0.0,0.0,0.0,0.0,0.0,0.0,0.0,0.0,0.0,0.0,0.0,0.0,0.0,0.0,0.0,0.0,0.0,0.0,0.0,0.0,0.0,0.0,0.0,0.0,0.0,0.0,0.0,0.0,0.0,0.0,0,0,0,0,0,0,0,0,0,0,0,0,0,0,0,0,0,0,0,0,0,0,0,0,0,0,0,0,0,0,0,0,0,0,0,0,0,0,0
2026-02-02,0.947048008441925,0.5372499823570251,107.79299926757812,1.1548069715499878,0.6946277618408203,113.80999755859375,1.8606599569320679,1.7623399496078491,200.59719848632812,1.7057700157165527,1.6156200170516968,0.9165499806404114,0.8661999702453613,183.89199829101562,11.419400215148926,1.970020055770874,10.566900253295898,1.1849182844161987,1.9690899848937988,1.86489999294281,1.0579899549484253,212.28199768066406,2.27413010597229,1.3679141998291016,0.819819986820221,0.46511000394821167,93.322998046875,0.6014494895935059,1.3635799884796143,0.7735599875450134,320.406005859375,155.20199584960938,17.466890335083008,9.63683032989502,3.5548300743103027,8.917909622192383,1.272189974784851,43.48197937011719,16.137269973754883,0.0,0.0,0.0,0.0,0.0,0.0,0.0,0.0,0.0,0.0,0.0,0.0,0.0,0.0,0.0,0.0,0.0,0.0,0.0,0.0,0.0,0.0,0.0,0.0,0.0,0.0,0.0,0.0,0.0,0.0,0.0,0.0,0.0,0.0,0.0,0.0,0.0,0.0,0.0,0.9523299932479858,0.5434929728507996,108.33999633789062,1.159119963645935,0.6970924139022827,113.99600219726562,1.871608018875122,1.7683600187301636,200.89979553222656,1.7143399715423584,1.6200400590896606,0.9216700196266174,0.8673200011253357,184.23899841308594,11.512860298156738,1.9772100448608398,10.60243034362793,1.1875073909759521,1.9772100448608398,1.8695100545883179,1.0657000541687012,212.66299438476562,2.2807400226593018,1.371441125869751,0.8217999935150146,0.4689500033855438,93.61100006103516,0.6034311056137085,1.3692100048065186,0.7815899848937988,323.4429931640625,155.68499755859375,17.568479537963867,9.72504997253418,3.581350088119507,8.974249839782715,1.2735300064086914,43.506988525390625,16.306499481201172,0.9445899724960327,0.5339000225067139,106.86900329589844,1.1523000001907349,0.6910181641578674,113.11299896240234,1.8395880460739136,1.7490999698638916,199.1300048828125,1.6948200464248657,1.611430048942566,0.9157500267028809,0.8643900156021118,183.20599365234375,11.421099662780762,1.9640100002288818,10.541620254516602,1.179078459739685,1.9594199657440186,1.8614000082015991,1.0556999444961548,211.2989959716797,2.270859956741333,1.36275053024292,0.8188300132751465,0.4602000117301941,92.66000366210938,0.5992186069488525,1.3613799810409546,0.7715700268745422,320.5320129394531,154.56900024414062,17.353410720825195,9.616299629211426,3.5439999103546143,8.885430335998535,1.269700050354004,43.39794158935547,15.95740032196045,0.9473099708557129,0.537443995475769,107.78199768066406,1.155460000038147,0.6948497891426086,113.75900268554688,1.8602919578552246,1.7626299858093262,200.5260009765625,1.7053099870681763,1.6157300472259521,0.9165099859237671,0.8661400079727173,183.82699584960938,11.421099662780762,1.970479965209961,10.56721019744873,1.185044765472412,1.9687199592590332,1.8652000427246094,1.0580400228500366,212.2220001220703,2.27485990524292,1.3681013584136963,0.8197199702262878,0.4649899899959564,93.26699829101562,0.6013482213020325,1.3635799884796143,0.7734699845314026,321.17498779296875,155.13499450683594,17.466480255126953,9.640640258789062,3.5546000003814697,8.917360305786133,1.272070050239563,43.484439849853516,16.150209426879883,0.0,0.0,0.0,0.0,0.0,0.0,0.0,0.0,0.0,0.0,0.0,0.0,0.0,0.0,0.0,0.0,0.0,0.0,0.0,0.0,0.0,0.0,0.0,0.0,0.0,0.0,0.0,0.0,0.0,0.0,0.0,0.0,0.0,0.0,0.0,0.0,0.0,0.0,0.0,0,0,0,0,0,0,0,0,0,0,0,0,0,0,0,0,0,0,0,0,0,0,0,0,0,0,0,0,0,0,0,0,0,0,0,0,0,0,0
2026-02-03,0.950980007648468,0.5417600274085999,108.10800170898438,1.1571600437164307,0.6955500841140747,113.67400360107422,1.8452500104904175,1.7549999952316284,199.52000427246094,1.6962000131607056,1.61312997341156,0.9190700054168701,0.8628699779510498,183.3939971923828,11.436420440673828,1.962820053100586,10.571499824523926,1.1798714399337769,1.965399980545044,1.8692799806594849,1.0650099515914917,212.5229949951172,2.2745699882507324,1.367315649986267,0.8216500282287598,0.4680899977684021,93.41200256347656,0.6010915637016296,1.3673700094223022,0.779009997844696,322.614990234375,155.4429931640625,17.37529945373535,9.688309669494629,3.576780080795288,8.960490226745605,1.2716100215911865,43.47489929199219,16.053630828857422,0.0,0.0,0.0,0.0,0.0,0.0,0.0,0.0,0.0,0.0,0.0,0.0,0.0,0.0,0.0,0.0,0.0,0.0,0.0,0.0,0.0,0.0,0.0,0.0,0.0,0.0,0.0,0.0,0.0,0.0,0.0,0.0,0.0,0.0,0.0,0.0,0.0,0.0,0.0,0.9622700214385986,0.5476499795913696,109.5199966430664,1.164320945739746,0.7049998641014099,114.18699645996094,1.8452399969100952,1.7615400552749634,201.0841064453125,1.6962699890136719,1.6156699657440186,0.9194200038909912,0.8635799884796143,184.0659942626953,11.447099685668945,1.964709997177124,10.571619987487793,1.1824523210525513,1.9651700258255005,1.8723200559616089,1.0656499862670898,213.4250030517578,2.2762300968170166,1.3707268238067627,0.8271099925041199,0.47071000933647156,94.25599670410156,0.6058109402656555,1.368530035018921,0.7790899872779846,323.27801513671875,156.07000732421875,17.403799057006836,9.706600189208984,3.5827600955963135,8.966449737548828,1.2719800472259521,43.4994010925293,16.10120964050293,0.9509000182151794,0.5414999723434448,108.16300201416016,1.155900001525879,0.6956812143325806,113.63899993896484,1.8241519927978516,1.7541999816894531,199.52000427246094,1.676609992980957,1.6107300519943237,0.9149100184440613,0.8618999719619751,183.4290008544922,11.371049880981445,1.9494999647140503,10.498800277709961,1.178078293800354,1.943079948425293,1.8670200109481812,1.0608999729156494,212.5449981689453,2.259700059890747,1.3652622699737549,0.8210999965667725,0.4674000144004822,93.38400268554688,0.600719690322876,1.3636399507522583,0.7743200063705444,321.489990234375,155.31199645996094,17.206960678100586,9.625849723815918,3.5648000240325928,8.889300346374512,1.2676700353622437,43.4286994934082,15.908599853515625,0.9513000249862671,0.5420820116996765,108.20700073242188,1.1573200225830078,0.6958801746368408,113.72699737548828,1.8444000482559204,1.7548999786376953,199.60076904296875,1.6954100131988525,1.6130800247192383,0.9190999865531921,0.8629000186920166,183.47500610351562,11.427800178527832,1.961400032043457,10.571619987487793,1.1799131631851196,1.9646999835968018,1.8693599700927734,1.0649900436401367,212.61300659179688,2.2737998962402344,1.3674278259277344,0.8219299912452698,0.4682700037956238,93.48300170898438,0.6013012528419495,1.3672300577163696,0.7789999842643738,322.6319885253906,155.5030059814453,17.375099182128906,9.689009666442871,3.5768001079559326,8.959770202636719,1.2714899778366089,43.47549819946289,16.059900283813477,0.0,0.0,0.0,0.0,0.0,0.0,0.0,0.0,0.0,0.0,0.0,0.0,0.0,0.0,0.0,0.0,0.0,0.0,0.0,0.0,0.0,0.0,0.0,0.0,0.0,0.0,0.0,0.0,0.0,0.0,0.0,0.0,0.0,0.0,0.0,0.0,0.0,0.0,0.0,0,0,0,0,0,0,0,0,0,0,0,0,0,0,0,0,0,0,0,0,0,0,0,0,0,0,0,0,0,0,0,0,0,0,0,0,0,0,0
2026-02-04,0.9577270150184631,0.5447310209274292,109.37999725341797,1.162160038948059,0.7022520899772644,114.2229995727539,1.8353699445724487,1.757949948310852,200.8104705810547,1.6824599504470825,1.611430048942566,0.9165599942207336,0.8625800013542175,184.0800018310547,11.368300437927246,1.955430030822754,10.511619567871094,1.1816140413284302,1.9503599405288696,1.8679200410842896,1.0624200105667114,213.3939971923828,2.2668299674987793,1.3697504997253418,0.8237800002098083,0.46858999133110046,94.11699676513672,0.6042186617851257,1.3639400005340576,0.7757599949836731,322.1289978027344,155.7989959716797,17.238399505615234,9.616310119628906,3.5713999271392822,8.898249626159668,1.2699899673461914,43.49100112915039,15.931839942932129,0.0,0.0,0.0,0.0,0.0,0.0,0.0,0.0,0.0,0.0,0.0,0.0,0.0,0.0,0.0,0.0,0.0,0.0,0.0,0.0,0.0,0.0,0.0,0.0,0.0,0.0,0.0,0.0,0.0,0.0,0.0,0.0,0.0,0.0,0.0,0.0,0.0,0.0,0.0,0.9599599838256836,0.54653000831604,110.16999816894531,1.1667799949645996,0.7042198777198792,114.8290023803711,1.8430800437927246,1.7619400024414062,202.0749969482422,1.6897200345993042,1.6151399612426758,0.9182400107383728,0.864549994468689,185.22999572753906,11.455690383911133,1.9686000347137451,10.630990028381348,1.1838523149490356,1.9544700384140015,1.8740400075912476,1.065310001373291,214.99099731445312,2.278820037841797,1.3733245134353638,0.8245270252227783,0.4691399931907654,94.5719985961914,0.6049387454986572,1.3681399822235107,0.77742999792099,322.6570129394531,156.84500122070312,17.33970069885254,9.712249755859375,3.578619956970215,9.01220989227295,1.2732599973678589,43.5118408203125,16.09480094909668,0.9550600051879883,0.5424200296401978,109.33100128173828,1.1610000133514404,0.6981499791145325,114.21099853515625,1.8284879922866821,1.7558499574661255,200.77613830566406,1.679800033569336,1.61080002784729,0.9162300229072571,0.8612899780273438,184.04100036621094,11.36598014831543,1.9545700550079346,10.509140014648438,1.1792314052581787,1.9481199979782104,1.865880012512207,1.0601999759674072,213.37399291992188,2.265199899673462,1.3644241094589233,0.8196099996566772,0.46549999713897705,93.81700134277344,0.5993191599845886,1.362879991531372,0.774399995803833,320.9859924316406,155.81500244140625,17.19860076904297,9.610790252685547,3.5638999938964844,8.879830360412598,1.2685999870300293,43.475101470947266,15.89229965209961,0.9577000141143799,0.5445899963378906,109.3949966430664,1.1622200012207031,0.7021288871765137,114.21600341796875,1.835729956626892,1.758239984512329,200.82899475097656,1.6827800273895264,1.6117099523544312,0.9165599942207336,0.8626199960708618,184.10899353027344,11.36946964263916,1.9558099508285522,10.516619682312012,1.1816281080245972,1.950659990310669,1.8683300018310547,1.0624200105667114,213.41700744628906,2.267159938812256,1.3697504997253418,0.8238999843597412,0.4684999883174896,94.08999633789062,0.6041310429573059,1.3641200065612793,0.7756789922714233,321.9540100097656,155.81500244140625,17.239500045776367,9.620180130004883,3.57381010055542,8.900070190429688,1.2699300050735474,43.47941970825195,15.963680267333984,0.0,0.0,0.0,0.0,0.0,0.0,0.0,0.0,0.0,0.0,0.0,0.0,0.0,0.0,0.0,0.0,0.0,0.0,0.0,0.0,0.0,0.0,0.0,0.0,0.0,0.0,0.0,0.0,0.0,0.0,0.0,0.0,0.0,0.0,0.0,0.0,0.0,0.0,0.0,0,0,0,0,0,0,0,0,0,0,0,0,0,0,0,0,0,0,0,0,0,0,0,0,0,0,0,0,0,0,0,0,0,0,0,0,0,0,0
2026-02-05,0.9558500051498413,0.5436000227928162,109.7490005493164,1.1660699844360352,0.699440062046051,114.78700256347656,1.8389450311660767,1.758270025253296,201.84962463378906,1.687190055847168,1.6131399869918823,0.9172700047492981,0.8648999929428101,185.18299865722656,11.407369613647461,1.967329978942871,10.60142993927002,1.180163860321045,1.9504899978637695,1.8649300336837769,1.0604599714279175,214.08999633789062,2.274480104446411,1.3644611835479736,0.8195199966430664,0.4660800099372864,94.09400177001953,0.5998188257217407,1.366919994354248,0.7773100137710571,321.4809875488281,156.91700744628906,17.32438087463379,9.668899536132812,3.5706000328063965,8.982930183410645,1.272779941558838,43.519500732421875,16.07012939453125,0.0,0.0,0.0,0.0,0.0,0.0,0.0,0.0,0.0,0.0,0.0,0.0,0.0,0.0,0.0,0.0,0.0,0.0,0.0,0.0,0.0,0.0,0.0,0.0,0.0,0.0,0.0,0.0,0.0,0.0,0.0,0.0,0.0,0.0,0.0,0.0,0.0,0.0,0.0,0.9571700096130371,0.5445280075073242,109.94400024414062,1.1663800477981567,0.7008199691772461,114.90399932861328,1.8559069633483887,1.7645800113677979,202.3257598876953,1.698199987411499,1.6156699657440186,0.9180600047111511,0.8718900084495544,185.48899841308594,11.55739974975586,1.9740999937057495,10.6702299118042,1.1820470094680786,1.9570900201797485,1.8652499914169312,1.0607999563217163,214.20899963378906,2.2791099548339844,1.3654673099517822,0.8208680152893066,0.4667600095272064,94.2490005493164,0.6009507179260254,1.369920015335083,0.7785959839820862,322.20098876953125,157.3280029296875,17.463050842285156,9.806039810180664,3.582050085067749,9.053239822387695,1.2747399806976318,43.53932189941406,16.25320053100586,0.9493200182914734,0.5386800169944763,108.7040023803711,1.1614999771118164,0.6942197680473328,114.49299621582031,1.8345259428024292,1.7571909427642822,201.44700622558594,1.6842000484466553,1.6112200021743774,0.9143999814987183,0.8645399808883667,184.61000061035156,11.404629707336426,1.9637999534606934,10.593099594116211,1.1780505180358887,1.9418699741363525,1.8488800525665283,1.0497900247573853,211.81199645996094,2.259890079498291,1.3521188497543335,0.8164600133895874,0.4633899927139282,93.51200103759766,0.5970006585121155,1.3653199672698975,0.7743499875068665,320.2919921875,156.56300354003906,17.284799575805664,9.66571044921875,3.5683000087738037,8.976149559020996,1.2718000411987305,43.512428283691406,16.04159927368164,0.955814003944397,0.5437330007553101,109.7509994506836,1.1662100553512573,0.6995198726654053,114.78900146484375,1.8388439416885376,1.75832998752594,201.82400512695312,1.6870299577713013,1.6130000352859497,0.9173200130462646,0.8648099899291992,185.1739959716797,11.408949851989746,1.9675300121307373,10.601129531860352,1.1802334785461426,1.9503999948501587,1.8647700548171997,1.0605700016021729,214.1020050048828,2.275010108947754,1.364628791809082,0.8197199702262878,0.4659000039100647,94.08699798583984,0.5998188257217407,1.3669400215148926,0.7772899866104126,321.4330139160156,156.9040069580078,17.312299728393555,9.666760444641113,3.572540044784546,8.983070373535156,1.2728999853134155,43.52439880371094,16.07270050048828,0.0,0.0,0.0,0.0,0.0,0.0,0.0,0.0,0.0,0.0,0.0,0.0,0.0,0.0,0.0,0.0,0.0,0.0,0.0,0.0,0.0,0.0,0.0,0.0,0.0,0.0,0.0,0.0,0.0,0.0,0.0,0.0,0.0,0.0,0.0,0.0,0.0,0.0,0.0,0,0,0,0,0,0,0,0,0,0,0,0,0,0,0,0,0,0,0,0,0,0,0,0,0,0,0,0,0,0,0,0,0,0,0,0,0,0,0
2026-02-06,0.9478999972343445,0.5378299951553345,108.4260025024414,1.1644699573516846,0.6916399002075195,114.33599853515625,1.8588049411773682,1.7628799676895142,201.58099365234375,1.7027599811553955,1.614400029182434,0.915910005569458,0.8709999918937683,184.6490020751953,11.541000366210938,1.9830399751663208,10.665010452270508,1.177786946296692,1.9548699855804443,1.8538299798965454,1.0514400005340576,211.9969940185547,2.2766599655151367,1.3520822525024414,0.814162015914917,0.46173998713493347,93.09200286865234,0.5938912630081177,1.3712199926376343,0.7777000069618225,322.2349853515625,156.78399658203125,17.503599166870117,9.798999786376953,3.584749937057495,9.055379867553711,1.2755800485610962,43.60929870605469,16.241300582885742,0.0,0.0,0.0,0.0,0.0,0.0,0.0,0.0,0.0,0.0,0.0,0.0,0.0,0.0,0.0,0.0,0.0,0.0,0.0,0.0,0.0,0.0,0.0,0.0,0.0,0.0,0.0,0.0,0.0,0.0,0.0,0.0,0.0,0.0,0.0,0.0,0.0,0.0,0.0,0.957319974899292,0.5443630218505859,110.24600219726562,1.1661499738693237,0.7020007371902466,115.177001953125,1.863273024559021,1.7642799615859985,202.593994140625,1.7059299945831299,1.6160099506378174,0.9180499911308289,0.8712800145149231,185.6320037841797,11.573200225830078,1.9852099418640137,10.71426010131836,1.1826481819152832,1.9584499597549438,1.8596299886703491,1.057729959487915,213.8560028076172,2.278599977493286,1.3615630865097046,0.8214700222015381,0.46709001064300537,94.5979995727539,0.602380633354187,1.3723599910736084,0.7785300016403198,322.906005859375,157.13099670410156,17.561100006103516,9.8302001953125,3.5888900756835938,9.085700035095215,1.2766200304031372,43.615699768066406,16.40656089782715,0.9465199708938599,0.5365399718284607,108.06700134277344,1.1618000268936157,0.6897897720336914,114.13500213623047,1.835536003112793,1.7557499408721924,201.36599731445312,1.683459997177124,1.610260009765625,0.9153500199317932,0.8672999739646912,184.3769989013672,11.41469955444336,1.9611999988555908,10.647279739379883,1.176747441291809,1.9393999576568604,1.8533999919891357,1.0506999492645264,211.6300048828125,2.25957989692688,1.3509862422943115,0.8133999705314636,0.46105000376701355,92.87100219726562,0.5929404497146606,1.3625799417495728,0.7749999761581421,319.3689880371094,156.53900146484375,17.251399993896484,9.659979820251465,3.562999963760376,9.005840301513672,1.2706999778747559,43.56669998168945,15.991399765014648,0.9480999708175659,0.5377500057220459,108.40499877929688,1.1644500494003296,0.6915500164031982,114.3239974975586,1.8590819835662842,1.762869954109192,201.55563354492188,1.7028700113296509,1.6146999597549438,0.9158300161361694,0.8709800243377686,184.61900329589844,11.54397964477539,1.98294997215271,10.671079635620117,1.1777453422546387,1.9549800157546997,1.8538399934768677,1.051300048828125,211.9550018310547,2.276550054550171,1.3521188497543335,0.8141000270843506,0.4616999924182892,93.08300018310547,0.5938912630081177,1.3711600303649902,0.7776399850845337,322.4490051269531,156.77099609375,17.51888084411621,9.801989555358887,3.5856499671936035,9.060859680175781,1.2755800485610962,43.609500885009766,16.283010482788086,0.0,0.0,0.0,0.0,0.0,0.0,0.0,0.0,0.0,0.0,0.0,0.0,0.0,0.0,0.0,0.0,0.0,0.0,0.0,0.0,0.0,0.0,0.0,0.0,0.0,0.0,0.0,0.0,0.0,0.0,0.0,0.0,0.0,0.0,0.0,0.0,0.0,0.0,0.0,0,0,0,0,0,0,0,0,0,0,0,0,0,0,0,0,0,0,0,0,0,0,0,0,0,0,0,0,0,0,0,0,0,0,0,0,0,0,0
2026-02-09,0.9606000185012817,0.5456799864768982,110.59300231933594,1.165910005569458,0.7033699154853821,115.11399841308594,1.8321499824523926,1.7602399587631226,202.6510009765625,1.6811100244522095,1.6151299476623535,0.9174000024795532,0.868910014629364,185.9499969482422,11.449239730834961,1.9602899551391602,10.642149925231934,1.182578206062317,1.9345999956130981,1.8587199449539185,1.0556700229644775,213.98300170898438,2.2558999061584473,1.3608959913253784,0.8236700296401978,0.4678899943828583,94.83399963378906,0.6032381653785706,1.3658900260925293,0.7758299708366394,318.8529968261719,157.24400329589844,17.251699447631836,9.678560256958008,3.564460039138794,8.9993896484375,1.2711299657821655,43.46875,15.992159843444824,0.0,0.0,0.0,0.0,0.0,0.0,0.0,0.0,0.0,0.0,0.0,0.0,0.0,0.0,0.0,0.0,0.0,0.0,0.0,0.0,0.0,0.0,0.0,0.0,0.0,0.0,0.0,0.0,0.0,0.0,0.0,0.0,0.0,0.0,0.0,0.0,0.0,0.0,0.0,0.9625679850578308,0.5458040237426758,110.625,1.171970009803772,0.709149956703186,115.14099884033203,1.8450520038604736,1.7717100381851196,203.43299865722656,1.6903300285339355,1.6200400590896606,0.9176200032234192,0.873960018157959,185.9669952392578,11.475199699401855,1.9766099452972412,10.678190231323242,1.1925204992294312,1.9392800331115723,1.8598899841308594,1.0561599731445312,213.98699951171875,2.266819953918457,1.3691691160202026,0.8235499858856201,0.467849999666214,94.8219985961914,0.6056788563728333,1.3666399717330933,0.776449978351593,319.74700927734375,157.2550048828125,17.276599884033203,9.680620193481445,3.5671699047088623,9.014490127563477,1.271720051765442,43.6171989440918,16.071090698242188,0.9574000239372253,0.5414000153541565,109.66000366210938,1.1655000448226929,0.7014698386192322,114.41400146484375,1.8301609754562378,1.7592799663543701,201.60299682617188,1.6786099672317505,1.6139999628067017,0.9126499891281128,0.8675500154495239,184.86399841308594,11.396860122680664,1.9603500366210938,10.624030113220215,1.1817816495895386,1.9265300035476685,1.8517800569534302,1.0461900234222412,212.1649932861328,2.254149913787842,1.3588618040084839,0.8185999989509583,0.46129998564720154,93.97599792480469,0.5999196171760559,1.3565000295639038,0.7660599946975708,315.9159851074219,155.53199768066406,17.14349937438965,9.574979782104492,3.5292999744415283,8.917349815368652,1.2648999691009521,42.66176986694336,15.8774995803833,0.9605500102043152,0.5457429885864258,110.61499786376953,1.1663600206375122,0.7034723162651062,115.14099884033203,1.8319720029830933,1.7599600553512573,202.6750030517578,1.6810499429702759,1.61489999294281,0.9174399971961975,0.8689900040626526,185.9669952392578,11.4443998336792,1.9606800079345703,10.645700454711914,1.1826202869415283,1.9343600273132324,1.8581600189208984,1.0556299686431885,213.98699951171875,2.2562899589538574,1.3608589172363281,0.8234000205993652,0.46775001287460327,94.8219985961914,0.6031508445739746,1.365630030632019,0.7758200168609619,318.87298583984375,157.2550048828125,17.249799728393555,9.6806001663208,3.5642099380493164,9.00160026550293,1.2710299491882324,43.45608901977539,15.995750427246094,0.0,0.0,0.0,0.0,0.0,0.0,0.0,0.0,0.0,0.0,0.0,0.0,0.0,0.0,0.0,0.0,0.0,0.0,0.0,0.0,0.0,0.0,0.0,0.0,0.0,0.0,0.0,0.0,0.0,0.0,0.0,0.0,0.0,0.0,0.0,0.0,0.0,0.0,0.0,0,0,0,0,0,0,0,0,0,0,0,0,0,0,0,0,0,0,0,0,0,0,0,0,0,0,0,0,0,0,0,0,0,0,0,0,0,0,0
2026-02-10,0.9606099724769592,0.5433599948883057,110.58799743652344,1.170240044593811,0.7083597779273987,115.11199951171875,1.8397910594940186,1.7675299644470215,203.4986572265625,1.6803499460220337,1.6143499612808228,0.9131799936294556,0.8699100017547607,185.85499572753906,11.401530265808105,1.966599941253662,10.616029739379883,1.1904053688049316,1.9313900470733643,1.8555999994277954,1.0495500564575195,213.60000610351562,2.260499954223633,1.368344783782959,0.8206400275230408,0.4641900062561035,94.48600006103516,0.605279266834259,1.356220006942749,0.7671200037002563,316.14300537109375,156.1320037841797,17.208799362182617,9.577549934387207,3.533179998397827,8.920740127563477,1.2658900022506714,43.58409881591797,15.894000053405762,0.0,0.0,0.0,0.0,0.0,0.0,0.0,0.0,0.0,0.0,0.0,0.0,0.0,0.0,0.0,0.0,0.0,0.0,0.0,0.0,0.0,0.0,0.0,0.0,0.0,0.0,0.0,0.0,0.0,0.0,0.0,0.0,0.0,0.0,0.0,0.0,0.0,0.0,0.0,0.961014986038208,0.5436379909515381,110.6449966430664,1.1720499992370605,0.7092998623847961,115.19999694824219,1.8515779972076416,1.7734700441360474,203.6230010986328,1.6852500438690186,1.6164100170135498,0.9137099981307983,0.8719800114631653,185.9759979248047,11.424539566040039,1.9733200073242188,10.652339935302734,1.192847728729248,1.9361300468444824,1.8577300310134888,1.0498499870300293,213.6999969482422,2.266319990158081,1.3698630332946777,0.8207700252532959,0.46428000926971436,94.5199966430664,0.6062002182006836,1.3575199842453003,0.7676500082015991,318.0350036621094,156.28500366210938,17.27079963684082,9.597550392150879,3.5462000370025635,8.944250106811523,1.266700029373169,43.63404846191406,15.96969985961914,0.9567999839782715,0.539995014667511,109.04000091552734,1.1684999465942383,0.7065000534057617,113.8759994506836,1.8382350206375122,1.7646700143814087,201.05870056152344,1.6792999505996704,1.6099400520324707,0.9094799757003784,0.8687199950218201,183.4510040283203,11.298250198364258,1.96589994430542,10.575989723205566,1.1890182495117188,1.9290200471878052,1.8482400178909302,1.0437999963760376,210.53900146484375,2.2565999031066895,1.3653740882873535,0.8177000284194946,0.4603999853134155,93.20600128173828,0.6034383773803711,1.3523000478744507,0.7628999948501587,315.95001220703125,154.07400512695312,17.169200897216797,9.476499557495117,3.526400089263916,8.874130249023438,1.2630499601364136,43.528751373291016,15.878700256347656,0.9606199860572815,0.5434209704399109,110.60299682617188,1.1703599691390991,0.7084701657295227,115.1240005493164,1.8398250341415405,1.7676500082015991,203.531005859375,1.6797000169754028,1.6141999959945679,0.9130300283432007,0.869979977607727,185.86700439453125,11.395400047302246,1.96589994430542,10.614520072937012,1.1904761791229248,1.9311200380325317,1.8552099466323853,1.0493899583816528,213.60800170898438,2.2601699829101562,1.3683072328567505,0.8206599950790405,0.46415001153945923,94.49299621582031,0.6053415536880493,1.3560999631881714,0.76705002784729,316.2699890136719,156.1219940185547,17.207799911499023,9.573869705200195,3.533519983291626,8.919930458068848,1.2658799886703491,43.528751373291016,15.897259712219238,0.0,0.0,0.0,0.0,0.0,0.0,0.0,0.0,0.0,0.0,0.0,0.0,0.0,0.0,0.0,0.0,0.0,0.0,0.0,0.0,0.0,0.0,0.0,0.0,0.0,0.0,0.0,0.0,0.0,0.0,0.0,0.0,0.0,0.0,0.0,0.0,0.0,0.0,0.0,0,0,0,0,0,0,0,0,0,0,0,0,0,0,0,0,0,0,0,0,0,0,0,0,0,0,0,0,0,0,0,0,0,0,0,0,0,0,0
2026-02-11,0.9586399793624878,0.5432999730110168,109.28199768066406,1.1709799766540527,0.7074797749519348,113.9800033569336,1.8372219800949097,1.7629499435424805,200.96231079101562,1.6803799867630005,1.6110899448394775,0.9137300252914429,0.871940016746521,183.656005859375,11.311869621276855,1.9677499532699585,10.562800407409668,1.1889617443084717,1.9270000457763672,1.8475799560546875,1.047860026359558,210.61000061035156,2.2566299438476562,1.3634566068649292,0.8185499906539917,0.46421998739242554,93.31400299072266,0.6041712164878845,1.3552000522613525,0.7685700058937073,317.7569885253906,154.48199462890625,17.183900833129883,9.514320373535156,3.546190023422241,8.885109901428223,1.2653700113296509,43.627498626708984,15.92609977722168,0.0,0.0,0.0,0.0,0.0,0.0,0.0,0.0,0.0,0.0,0.0,0.0,0.0,0.0,0.0,0.0,0.0,0.0,0.0,0.0,0.0,0.0,0.0,0.0,0.0,0.0,0.0,0.0,0.0,0.0,0.0,0.0,0.0,0.0,0.0,0.0,0.0,0.0,0.0,0.9681270122528076,0.5502520203590393,109.62100219726562,1.1770199537277222,0.7135899662971497,113.98999786376953,1.839840054512024,1.7678300142288208,200.98095703125,1.6808600425720215,1.6146299839019775,0.9166300296783447,0.8723300099372864,183.6649932861328,11.318900108337402,1.9680399894714355,10.589150428771973,1.192733883857727,1.9272199869155884,1.8581199645996094,1.0550899505615234,210.63299560546875,2.2600998878479004,1.371290683746338,0.8228800296783447,0.46761998534202576,93.31999969482422,0.607389509677887,1.3617700338363647,0.7729200124740601,320.1260070800781,154.54600524902344,17.26325035095215,9.521699905395508,3.557889938354492,8.931220054626465,1.266569972038269,43.644630432128906,15.945099830627441,0.958299994468689,0.5429999828338623,108.12300109863281,1.169700026512146,0.7073901295661926,112.03800201416016,1.815871000289917,1.7584099769592285,198.41099548339844,1.6635199785232544,1.6090999841690063,0.9117799997329712,0.8683500289916992,181.69400024414062,11.2224702835083,1.9567899703979492,10.5378999710083,1.1839083433151245,1.9146599769592285,1.846500039100647,1.045799970626831,208.74200439453125,2.251689910888672,1.361952543258667,0.8181999921798706,0.46299999952316284,92.12899780273438,0.6031908988952637,1.3504199981689453,0.7645999789237976,316.489990234375,152.82400512695312,17.122100830078125,9.447349548339844,3.5332000255584717,8.84037971496582,1.2609000205993652,43.617610931396484,15.834799766540527,0.9586499929428101,0.5437099933624268,109.28800201416016,1.1708799600601196,0.7073901295661926,113.98899841308594,1.8388700485229492,1.7629899978637695,200.98095703125,1.6803699731826782,1.610990047454834,0.9136000275611877,0.8718000054359436,183.6649932861328,11.31527042388916,1.9676599502563477,10.568659782409668,1.188792109489441,1.9270800352096558,1.847100019454956,1.047700047492981,210.63299560546875,2.2565999031066895,1.3633265495300293,0.8185799717903137,0.46399998664855957,93.31999969482422,0.6041200757026672,1.355299949645996,0.7686399817466736,317.7879943847656,154.5019989013672,17.195810317993164,9.517860412597656,3.5460000038146973,8.889860153198242,1.2654000520706177,43.6265983581543,15.936750411987305,0.0,0.0,0.0,0.0,0.0,0.0,0.0,0.0,0.0,0.0,0.0,0.0,0.0,0.0,0.0,0.0,0.0,0.0,0.0,0.0,0.0,0.0,0.0,0.0,0.0,0.0,0.0,0.0,0.0,0.0,0.0,0.0,0.0,0.0,0.0,0.0,0.0,0.0,0.0,0,0,0,0,0,0,0,0,0,0,0,0,0,0,0,0,0,0,0,0,0,0,0,0,0,0,0,0,0,0,0,0,0,0,0,0,0,0,0
2026-02-12,0.9670100212097168,0.5493800044059753,109.20099639892578,1.1779600381851196,0.7125298380851746,112.9020004272461,1.8196040391921997,1.760200023651123,198.73519897460938,1.666659951210022,1.6120699644088745,0.9157800078392029,0.8716599941253662,182.02099609375,11.262200355529785,1.9632699489593506,10.554369926452637,1.1876062154769897,1.9118800163269043,1.8491599559783936,1.0504800081253052,208.79800415039062,2.252110004425049,1.362399697303772,0.8208100199699402,0.4663200080394745,92.70099639892578,0.6048911213874817,1.3575400114059448,0.7711399793624878,319.1099853515625,153.2689971923828,17.19301986694336,9.481949806213379,3.548029899597168,8.888059616088867,1.2619400024414062,43.63610076904297,15.869400024414062,0.0,0.0,0.0,0.0,0.0,0.0,0.0,0.0,0.0,0.0,0.0,0.0,0.0,0.0,0.0,0.0,0.0,0.0,0.0,0.0,0.0,0.0,0.0,0.0,0.0,0.0,0.0,0.0,0.0,0.0,0.0,0.0,0.0,0.0,0.0,0.0,0.0,0.0,0.0,0.969694972038269,0.5505970120429993,109.47599792480469,1.1794999837875366,0.7147298455238342,113.24600219726562,1.8345259428024292,1.7728999853134155,199.97203063964844,1.6744500398635864,1.6175899505615234,0.9160599708557129,0.8716199994087219,182.51800537109375,11.312600135803223,1.9652800559997559,10.5997896194458,1.1890605688095093,1.9219000339508057,1.8573100566864014,1.0515700578689575,209.52999877929688,2.2560501098632812,1.367128849029541,0.8248699903488159,0.46724000573158264,93.19499969482422,0.6076515913009644,1.363510012626648,0.7724199891090393,320.885009765625,153.73800659179688,17.252220153808594,9.535340309143066,3.5590500831604004,8.935079574584961,1.2635999917984009,43.65119934082031,15.97350025177002,0.9649999737739563,0.5448899865150452,107.99600219726562,1.1719000339508057,0.7087001800537109,111.78700256347656,1.8148820400238037,1.758929967880249,197.66468811035156,1.662410020828247,1.6101000308990479,0.9111999869346619,0.869379997253418,180.8280029296875,11.210909843444824,1.955299973487854,10.533900260925293,1.1853257417678833,1.9080100059509277,1.8486000299453735,1.0463000535964966,207.58700561523438,2.245450019836426,1.360544204711914,0.8203999996185303,0.46380001306533813,92.0009994506836,0.6037699580192566,1.3555099964141846,0.7664999961853027,317.95001220703125,152.2779998779297,17.11720085144043,9.43274974822998,3.54010009765625,8.864999771118164,1.260200023651123,43.620140075683594,15.807470321655273,0.96697998046875,0.5493500232696533,109.16999816894531,1.177880048751831,0.7124699354171753,112.88099670410156,1.8197040557861328,1.7601699829101562,198.6941680908203,1.6666799783706665,1.6120100021362305,0.9157000184059143,0.8716199994087219,181.9709930419922,11.256440162658691,1.9631600379943848,10.560090065002441,1.1875356435775757,1.9119900465011597,1.8492499589920044,1.0504300594329834,208.75900268554688,2.25216007232666,1.3623793125152588,0.8209999799728394,0.4659000039100647,92.66899871826172,0.604880154132843,1.357300043106079,0.7711700201034546,319.2139892578125,153.23899841308594,17.194719314575195,9.47859001159668,3.5464000701904297,8.89169979095459,1.2619500160217285,43.63710021972656,15.864359855651855,0.0,0.0,0.0,0.0,0.0,0.0,0.0,0.0,0.0,0.0,0.0,0.0,0.0,0.0,0.0,0.0,0.0,0.0,0.0,0.0,0.0,0.0,0.0,0.0,0.0,0.0,0.0,0.0,0.0,0.0,0.0,0.0,0.0,0.0,0.0,0.0,0.0,0.0,0.0,0,0,0,0,0,0,0,0,0,0,0,0,0,0,0,0,0,0,0,0,0,0,0,0,0,0,0,0,0,0,0,0,0,0,0,0,0,0,0
2026-02-13,0.9639999866485596,0.5453400015830994,108.29900360107422,1.1747900247573853,0.7087101936340332,112.26599884033203,1.8333150148391724,1.768470048904419,198.5590057373047,1.6744999885559082,1.6153000593185425,0.9132599830627441,0.8714399933815002,181.3719940185547,11.310500144958496,1.9672900438308716,10.58707046508789,1.1868449449539185,1.921280026435852,1.853469967842102,1.0476000308990479,208.1060028076172,2.257319927215576,1.3620266914367676,0.820900022983551,0.46389999985694885,92.1729965209961,0.6032600402832031,1.3610700368881226,0.7695500254631042,318.9169921875,152.8209991455078,17.207000732421875,9.531390190124512,3.549299955368042,8.923110008239746,1.2623499631881714,43.72809982299805,15.947830200195312,0.0,0.0,0.0,0.0,0.0,0.0,0.0,0.0,0.0,0.0,0.0,0.0,0.0,0.0,0.0,0.0,0.0,0.0,0.0,0.0,0.0,0.0,0.0,0.0,0.0,0.0,0.0,0.0,0.0,0.0,0.0,0.0,0.0,0.0,0.0,0.0,0.0,0.0,0.0,0.9659429788589478,0.5461300015449524,108.77100372314453,1.1752899885177612,0.7096999883651733,112.95600128173828,1.8454949855804443,1.7731300592422485,199.6768341064453,1.6826800107955933,1.617169976234436,0.9143099784851074,0.8720600008964539,182.26499938964844,11.34475040435791,1.9699900150299072,10.627300262451172,1.1879446506500244,1.9325599670410156,1.8579599857330322,1.0494999885559082,209.31199645996094,2.2606201171875,1.364628791809082,0.8223199844360352,0.46491000056266785,92.79199981689453,0.6044816374778748,1.3636499643325806,0.7715100049972534,320.11199951171875,153.65499877929688,17.25079917907715,9.574060440063477,3.5566399097442627,8.962010383605957,1.2649600505828857,43.73979187011719,16.069400787353516,0.9595000147819519,0.5414999723434448,107.70600128173828,1.1694999933242798,0.7045498490333557,112.1510009765625,1.8304959535598755,1.766409993171692,198.5050048828125,1.6720499992370605,1.6131999492645264,0.9113100171089172,0.8697699904441833,181.2469940185547,11.255629539489746,1.9629000425338745,10.575819969177246,1.1848762035369873,1.9189399480819702,1.8521000146865845,1.045699954032898,208.03500366210938,2.254300117492676,1.3592127561569214,0.819599986076355,0.4619799852371216,92.04199981689453,0.6016702651977539,1.3597899675369263,0.7675600051879883,318.57000732421875,152.7449951171875,17.148099899291992,9.484029769897461,3.5439999103546143,8.91094970703125,1.2617000341415405,43.695499420166016,15.932000160217285,0.9645900130271912,0.545229971408844,108.25800323486328,1.1748900413513184,0.7087298035621643,112.2239990234375,1.8334829807281494,1.76882004737854,198.5050048828125,1.6746799945831299,1.6155699491500854,0.9132300019264221,0.8714900016784668,181.31300354003906,11.315380096435547,1.9667999744415283,10.592240333557129,1.1869717836380005,1.921470046043396,1.8535699844360352,1.0477499961853027,208.03500366210938,2.2577500343322754,1.361952543258667,0.8208600282669067,0.46369999647140503,92.12699890136719,0.6032090783119202,1.3611700534820557,0.7694200277328491,318.8890075683594,152.7570037841797,17.219499588012695,9.533260345458984,3.5488998889923096,8.92378044128418,1.2621999979019165,43.72809982299805,15.952619552612305,0.0,0.0,0.0,0.0,0.0,0.0,0.0,0.0,0.0,0.0,0.0,0.0,0.0,0.0,0.0,0.0,0.0,0.0,0.0,0.0,0.0,0.0,0.0,0.0,0.0,0.0,0.0,0.0,0.0,0.0,0.0,0.0,0.0,0.0,0.0,0.0,0.0,0.0,0.0,0,0,0,0,0,0,0,0,0,0,0,0,0,0,0,0,0,0,0,0,0,0,0,0,0,0,0,0,0,0,0,0,0,0,0,0,0,0,0
2026-02-16,0.962689995765686,0.5432389974594116,108.01599884033203,1.1717599630355835,0.7070400714874268,112.18000030517578,1.840109944343567,1.7717100381851196,198.78143310546875,1.6783900260925293,1.6159499883651733,0.911620020866394,0.8694999814033508,181.30499267578125,11.2572603225708,1.966770052909851,10.566129684448242,1.1867464780807495,1.9300700426101685,1.858240008354187,1.04830002784729,208.49600219726562,2.2617900371551514,1.3647778034210205,0.8213599920272827,0.46334001421928406,92.16300201416016,0.6033801436424255,1.3617899417877197,0.7682099938392639,318.9750061035156,152.7790069580078,17.161109924316406,9.47638988494873,3.5463600158691406,8.905179977416992,1.2625399827957153,43.69063186645508,15.928319931030273,0.0,0.0,0.0,0.0,0.0,0.0,0.0,0.0,0.0,0.0,0.0,0.0,0.0,0.0,0.0,0.0,0.0,0.0,0.0,0.0,0.0,0.0,0.0,0.0,0.0,0.0,0.0,0.0,0.0,0.0,0.0,0.0,0.0,0.0,0.0,0.0,0.0,0.0,0.0,0.9657449722290039,0.5458580255508423,108.88200378417969,1.1750199794769287,0.7096476554870605,112.87000274658203,1.8407050371170044,1.7723499536514282,199.69696044921875,1.6782699823379517,1.6164799928665161,0.9136000275611877,0.8700000047683716,182.28900146484375,11.294549942016602,1.9682300090789795,10.627860069274902,1.1870845556259155,1.9301400184631348,1.8593800067901611,1.050920009613037,209.66900634765625,2.2629001140594482,1.3662508726119995,0.8233479857444763,0.4654400050640106,92.85399627685547,0.604999840259552,1.363420009613037,0.7703199982643127,319.3299865722656,153.61900329589844,17.178850173950195,9.519630432128906,3.5559699535369873,8.96819019317627,1.2631700038909912,43.72800064086914,15.99489974975586,0.9624999761581421,0.5431399941444397,108.01799774169922,1.170799970626831,0.7068701386451721,112.18599700927734,1.8304959535598755,1.767501950263977,198.800537109375,1.6717000007629395,1.613700032234192,0.911300003528595,0.8686500191688538,181.28599548339844,11.248350143432617,1.9609999656677246,10.56089973449707,1.1847639083862305,1.9236299991607666,1.8558000326156616,1.0475000143051147,208.49600219726562,2.2558999061584473,1.3627134561538696,0.8202000260353088,0.461899995803833,92.16100311279297,0.6028999090194702,1.3602900505065918,0.767799973487854,317.80999755859375,152.77000427246094,17.133800506591797,9.476659774780273,3.542099952697754,8.899069786071777,1.260699987411499,43.66939926147461,15.871399879455566,0.9626799821853638,0.5431399941444397,108.01799774169922,1.1718800067901611,0.7070286273956299,112.18599700927734,1.8402990102767944,1.7720099687576294,198.800537109375,1.6782699823379517,1.615880012512207,0.9116299748420715,0.8695099949836731,181.30799865722656,11.2572603225708,1.9668500423431396,10.561570167541504,1.186704158782959,1.9299900531768799,1.858180046081543,1.0483499765396118,208.50599670410156,2.261780023574829,1.3647406101226807,0.8213300108909607,0.46344900131225586,92.16500091552734,0.6033291816711426,1.361780047416687,0.7681800127029419,318.9330139160156,152.78799438476562,17.158079147338867,9.476889610290527,3.546489953994751,8.89972972869873,1.2622599601745605,43.69063186645508,15.919599533081055,0.0,0.0,0.0,0.0,0.0,0.0,0.0,0.0,0.0,0.0,0.0,0.0,0.0,0.0,0.0,0.0,0.0,0.0,0.0,0.0,0.0,0.0,0.0,0.0,0.0,0.0,0.0,0.0,0.0,0.0,0.0,0.0,0.0,0.0,0.0,0.0,0.0,0.0,0.0,0,0,0,0,0,0,0,0,0,0,0,0,0,0,0,0,0,0,0,0,0,0,0,0,0,0,0,0,0,0,0,0,0,0,0,0,0,0,0
2026-02-17,0.964389979839325,0.5437999963760376,108.63899993896484,1.1718000173568726,0.7072985768318176,112.63999938964844,1.835536003112793,1.7711999416351318,199.53086853027344,1.675279974937439,1.615689992904663,0.912060022354126,0.8695200085639954,182.0229949951172,11.253829956054688,1.9644399881362915,10.58353042602539,1.1849884986877441,1.9264800548553467,1.858139991760254,1.0488100051879883,209.32000732421875,2.259049892425537,1.3627691268920898,0.822350025177002,0.46389999985694885,92.63700103759766,0.6032018065452576,1.3636200428009033,0.769599974155426,318.37701416015625,153.60899353027344,17.166149139404297,9.499019622802734,3.5547900199890137,8.938400268554688,1.2624200582504272,43.722801208496094,15.95740032196045,0.0,0.0,0.0,0.0,0.0,0.0,0.0,0.0,0.0,0.0,0.0,0.0,0.0,0.0,0.0,0.0,0.0,0.0,0.0,0.0,0.0,0.0,0.0,0.0,0.0,0.0,0.0,0.0,0.0,0.0,0.0,0.0,0.0,0.0,0.0,0.0,0.0,0.0,0.0,0.9650800228118896,0.5455830097198486,108.5979995727539,1.1726399660110474,0.7076299786567688,112.5999984741211,1.8430399894714355,1.774399995803833,199.4669952392578,1.679919958114624,1.617169976234436,0.9139500260353088,0.8747900128364563,181.97300720214844,11.330329895019531,1.966860055923462,10.667169570922852,1.1852554082870483,1.9308300018310547,1.858199954032898,1.0487799644470215,209.25900268554688,2.261009931564331,1.3629549741744995,0.8251699805259705,0.46560001373291016,92.64900207519531,0.6050814390182495,1.3691500425338745,0.7738400101661682,320.57598876953125,153.88699340820312,17.232980728149414,9.596059799194336,3.5743000507354736,9.03320026397705,1.265720009803772,43.73286819458008,16.108070373535156,0.9613999724388123,0.5422000288963318,107.85700225830078,1.1676000356674194,0.7030000686645508,111.90499877929688,1.8318370580673218,1.767490029335022,198.53399658203125,1.6734999418258667,1.6136000156402588,0.9105700254440308,0.8693000078201294,180.8260040283203,11.234399795532227,1.9572999477386475,10.589400291442871,1.180553913116455,1.9143099784851074,1.8465100526809692,1.0427000522613525,207.24400329589844,2.242889881134033,1.349800944328308,0.8210999965667725,0.46219998598098755,92.12999725341797,0.6006510853767395,1.3631999492645264,0.7684999704360962,318.2760009765625,152.7010040283203,17.145999908447266,9.485750198364258,3.552500009536743,8.936079978942871,1.261199951171875,43.69075012207031,15.958000183105469,0.9643300175666809,0.5441889762878418,108.5979995727539,1.172379970550537,0.7074001431465149,112.5989990234375,1.8366479873657227,1.7713700532913208,199.4600067138672,1.6754499673843384,1.615880012512207,0.9120500087738037,0.8695200085639954,181.97300720214844,11.265170097351074,1.964460015296936,10.589400291442871,1.1850868463516235,1.9266599416732788,1.858199954032898,1.0487799644470215,209.25900268554688,2.2590301036834717,1.36286199092865,0.8223699927330017,0.4641300141811371,92.61199951171875,0.6032381653785706,1.3635900020599365,0.7696099877357483,318.2850036621094,153.5500030517578,17.165599822998047,9.498749732971191,3.5550200939178467,8.936189651489258,1.2623399496078491,43.72010040283203,15.958089828491211,0.0,0.0,0.0,0.0,0.0,0.0,0.0,0.0,0.0,0.0,0.0,0.0,0.0,0.0,0.0,0.0,0.0,0.0,0.0,0.0,0.0,0.0,0.0,0.0,0.0,0.0,0.0,0.0,0.0,0.0,0.0,0.0,0.0,0.0,0.0,0.0,0.0,0.0,0.0,0,0,0,0,0,0,0,0,0,0,0,0,0,0,0,0,0,0,0,0,0,0,0,0,0,0,0,0,0,0,0,0,0,0,0,0,0,0,0
2026-02-18,0.9659199714660645,0.5455690026283264,108.45999908447266,1.170930027961731,0.708320140838623,112.29199981689453,1.8311660289764404,1.7702399492263794,198.78399658203125,1.6730200052261353,1.6161999702453613,0.9127799868583679,0.8736799955368042,181.5,11.295769691467285,1.9591599702835083,10.622969627380371,1.185185194015503,1.9147599935531616,1.8497400283813477,1.0446499586105347,207.72799682617188,2.2422800064086914,1.3564472198486328,0.8247479796409607,0.46573999524116516,92.62000274658203,0.6048911213874817,1.3637700080871582,0.7702000141143799,318.6700134277344,153.1490020751953,17.11840057373047,9.531000137329102,3.5559000968933105,8.963239669799805,1.2626800537109375,43.734500885009766,16.025100708007812,0.0,0.0,0.0,0.0,0.0,0.0,0.0,0.0,0.0,0.0,0.0,0.0,0.0,0.0,0.0,0.0,0.0,0.0,0.0,0.0,0.0,0.0,0.0,0.0,0.0,0.0,0.0,0.0,0.0,0.0,0.0,0.0,0.0,0.0,0.0,0.0,0.0,0.0,0.0,0.967041015625,0.5461900234222412,109.1709976196289,1.1805800199508667,0.7086167335510254,112.98699951171875,1.8370529413223267,1.7719600200653076,200.12828063964844,1.6760599613189697,1.6171400547027588,0.9134500026702881,0.8738200068473816,182.52099609375,11.309100151062012,1.976580023765564,10.641550064086914,1.1853959560394287,1.9212599992752075,1.8544299602508545,1.0476200580596924,209.2100067138672,2.2641799449920654,1.3582342863082886,0.8250300288200378,0.4659099876880646,92.69200134277344,0.6050814390182495,1.3677699565887451,0.7722300291061401,320.0799865722656,154.47900390625,17.154930114746094,9.55508041381836,3.5690500736236572,9.002340316772461,1.2661199569702148,43.75944900512695,16.085599899291992,0.9639000296592712,0.5436999797821045,108.3759994506836,1.169700026512146,0.7052186131477356,112.21399688720703,1.8291569948196411,1.7683039903640747,198.72450256347656,1.6704800128936768,1.6138999462127686,0.9116500020027161,0.8715999722480774,181.40699768066406,11.201849937438965,1.9581999778747559,10.61050033569336,1.1810418367385864,1.9140700101852417,1.8492000102996826,1.0440700054168701,207.6199951171875,2.241760015487671,1.3534547090530396,0.8170999884605408,0.45980000495910645,91.98500061035156,0.5978894829750061,1.363700032234192,0.7698000073432922,318.6080017089844,153.06300354003906,17.0718994140625,9.465350151062012,3.5555999279022217,8.956859588623047,1.2621999979019165,43.72673034667969,15.954000473022461,0.966172993183136,0.5455769896507263,108.45099639892578,1.1710200309753418,0.7083502411842346,112.26000213623047,1.832576036453247,1.7703900337219238,198.7469940185547,1.673050045967102,1.6163100004196167,0.9128100275993347,0.8737199902534485,181.46499633789062,11.297439575195312,1.9592900276184082,10.624150276184082,1.185157060623169,1.914739966392517,1.8497799634933472,1.044600009918213,207.6719970703125,2.242269992828369,1.3564103841781616,0.8246999979019165,0.46573999524116516,92.5999984741211,0.604880154132843,1.3637399673461914,0.7701900005340576,318.656005859375,153.11599731445312,17.130800247192383,9.529729843139648,3.558310031890869,8.964500427246094,1.2626399993896484,43.734901428222656,16.025049209594727,0.0,0.0,0.0,0.0,0.0,0.0,0.0,0.0,0.0,0.0,0.0,0.0,0.0,0.0,0.0,0.0,0.0,0.0,0.0,0.0,0.0,0.0,0.0,0.0,0.0,0.0,0.0,0.0,0.0,0.0,0.0,0.0,0.0,0.0,0.0,0.0,0.0,0.0,0.0,0,0,0,0,0,0,0,0,0,0,0,0,0,0,0,0,0,0,0,0,0,0,0,0,0,0,0,0,0,0,0,0,0,0,0,0,0,0,0
2026-02-19,0.9646199941635132,0.5440199971199036,108.9520034790039,1.1802799701690674,0.704379141330719,112.93900299072266,1.8376270532608032,1.772819995880127,200.24156188964844,1.6735299825668335,1.6145000457763672,0.9105499982833862,0.873449981212616,182.35299682617188,11.230409622192383,1.9752600193023682,10.652099609375,1.1788839101791382,1.9157299995422363,1.8482600450515747,1.0423500537872314,208.7530059814453,2.261229991912842,1.349582314491272,0.8171700239181519,0.4608500003814697,92.2959976196289,0.5967797636985779,1.3696099519729614,0.7721999883651733,321.24798583984375,154.6929931640625,17.20854949951172,9.523619651794434,3.5750300884246826,9.036250114440918,1.267199993133545,43.763999938964844,16.06279945373535,0.0,0.0,0.0,0.0,0.0,0.0,0.0,0.0,0.0,0.0,0.0,0.0,0.0,0.0,0.0,0.0,0.0,0.0,0.0,0.0,0.0,0.0,0.0,0.0,0.0,0.0,0.0,0.0,0.0,0.0,0.0,0.0,0.0,0.0,0.0,0.0,0.0,0.0,0.0,0.9684209823608398,0.5475289821624756,109.73799896240234,1.1830099821090698,0.7080999612808228,113.41000366210938,1.8385390043258667,1.77292001247406,200.9340057373047,1.6745500564575195,1.6157300472259521,0.9125000238418579,0.8750600218772888,183.13800048828125,11.277009963989258,1.9778000116348267,10.702030181884766,1.1807769536972046,1.9169399738311768,1.849020004272461,1.0443400144577026,209.52999877929688,2.264039993286133,1.3517532348632812,0.8191109895706177,0.46320000290870667,92.84200286865234,0.5991288423538208,1.371399998664856,0.7762200236320496,323.2449951171875,155.31199645996094,17.296600341796875,9.598480224609375,3.5965800285339355,9.105050086975098,1.269860029220581,43.77003860473633,16.220199584960938,0.9635499715805054,0.54339998960495,108.86599731445312,1.1793999671936035,0.7028394937515259,112.88200378417969,1.825484037399292,1.7640539407730103,199.55441284179688,1.6660200357437134,1.6092699766159058,0.9104999899864197,0.8731300234794617,182.02200317382812,11.200830459594727,1.968500018119812,10.631810188293457,1.1743016242980957,1.905500054359436,1.839709997177124,1.0418000221252441,208.07699584960938,2.250699996948242,1.3435261249542236,0.815310001373291,0.4593999981880188,92.19300079345703,0.5948203206062317,1.3669999837875366,0.7718999981880188,320.1600036621094,154.53799438476562,17.1781005859375,9.49055004119873,3.5690999031066895,9.007320404052734,1.2660000324249268,43.75410079956055,16.016399383544922,0.9646999835968018,0.5440499782562256,108.9530029296875,1.180359959602356,0.7044098973274231,112.94499969482422,1.8374249935150146,1.772779941558838,200.23399353027344,1.673490047454834,1.6145299673080444,0.9104999899864197,0.8733999729156494,182.36000061035156,11.226730346679688,1.9753400087356567,10.64249038696289,1.1791062355041504,1.9157700538635254,1.8476999998092651,1.0423599481582642,208.74200439453125,2.261399984359741,1.349545955657959,0.8170199990272522,0.46083998680114746,92.2959976196289,0.5967797636985779,1.3696199655532837,0.7724599838256836,321.3760070800781,154.6840057373047,17.20871925354004,9.52340030670166,3.574889898300171,9.031959533691406,1.2671799659729004,43.76300048828125,16.05632972717285,0.0,0.0,0.0,0.0,0.0,0.0,0.0,0.0,0.0,0.0,0.0,0.0,0.0,0.0,0.0,0.0,0.0,0.0,0.0,0.0,0.0,0.0,0.0,0.0,0.0,0.0,0.0,0.0,0.0,0.0,0.0,0.0,0.0,0.0,0.0,0.0,0.0,0.0,0.0,0,0,0,0,0,0,0,0,0,0,0,0,0,0,0,0,0,0,0,0,0,0,0,0,0,0,0,0,0,0,0,0,0,0,0,0,0,0,0
2026-02-20,0.9656199812889099,0.5470399856567383,109.4729995727539,1.181730031967163,0.7056102752685547,113.35800170898438,1.8274190425872803,1.7649099826812744,200.0931396484375,1.667829990386963,1.6105799674987793,0.9124900102615356,0.8742499947547913,182.60899353027344,11.241499900817871,1.9701999425888062,10.669710159301758,1.1769136190414429,1.9075700044631958,1.8421200513839722,1.043619990348816,208.84500122070312,2.254390001296997,1.3461124897003174,0.8169699907302856,0.4628300070762634,92.62899780273438,0.5971004962921143,1.3686800003051758,0.7753400206565857,322.0270080566406,155.16000366210938,17.256729125976562,9.553779602050781,3.5870800018310547,9.065389633178711,1.2684299945831299,43.83829879760742,16.13558006286621,0.0,0.0,0.0,0.0,0.0,0.0,0.0,0.0,0.0,0.0,0.0,0.0,0.0,0.0,0.0,0.0,0.0,0.0,0.0,0.0,0.0,0.0,0.0,0.0,0.0,0.0,0.0,0.0,0.0,0.0,0.0,0.0,0.0,0.0,0.0,0.0,0.0,0.0,0.0,0.9695799946784973,0.549560010433197,109.91000366210938,1.1857399940490723,0.7090101838111877,113.68499755859375,1.8361430168151855,1.7685799598693848,200.69900512695312,1.6751899719238281,1.6144299507141113,0.9141700267791748,0.8748000264167786,183.03199768066406,11.28400993347168,1.979140043258667,10.695810317993164,1.1806097030639648,1.915310025215149,1.8485499620437622,1.0471999645233154,209.60400390625,2.266350030899048,1.3514243364334106,0.8183500170707703,0.4632900059223175,92.75700378417969,0.5985407829284668,1.3707799911499023,0.7771099805831909,323.1180114746094,155.625,17.286500930786133,9.60569953918457,3.5975399017333984,9.091950416564941,1.269860029220581,43.845008850097656,16.18939971923828,0.9611999988555908,0.5445460081100464,108.88899993896484,1.1800999641418457,0.7016707062721252,113.10199737548828,1.819108009338379,1.762030005455017,199.7689971923828,1.662600040435791,1.6080000400543213,0.9115200042724609,0.8725000023841858,182.22999572753906,11.201290130615234,1.9702999591827393,10.614130020141602,1.1745498180389404,1.9049400091171265,1.8394999504089355,1.0424000024795532,208.38999938964844,2.2528998851776123,1.3436344861984253,0.8134999871253967,0.4595000147819519,92.16000366210938,0.5939688086509705,1.3673900365829468,0.7731900215148926,321.41900634765625,154.718994140625,17.123449325561523,9.504839897155762,3.575670003890991,9.017849922180176,1.2659499645233154,43.80910110473633,16.01409912109375,0.9657599925994873,0.5471510291099548,109.49700164794922,1.1816500425338745,0.7056799530982971,113.36299896240234,1.8272520303726196,1.7650500535964966,200.1199951171875,1.667680025100708,1.6107800006866455,0.9125099778175354,0.8743000030517578,182.63299560546875,11.234869956970215,1.9707000255584717,10.670169830322266,1.1769136190414429,1.9073200225830078,1.8421299457550049,1.0436300039291382,208.85000610351562,2.254040002822876,1.3460580110549927,0.8171399831771851,0.462909996509552,92.65299987792969,0.5971896052360535,1.3687900304794312,0.77538001537323,321.67498779296875,155.1739959716797,17.24519920349121,9.555899620056152,3.58705997467041,9.06820011138916,1.2684099674224854,43.839298248291016,16.144359588623047,0.0,0.0,0.0,0.0,0.0,0.0,0.0,0.0,0.0,0.0,0.0,0.0,0.0,0.0,0.0,0.0,0.0,0.0,0.0,0.0,0.0,0.0,0.0,0.0,0.0,0.0,0.0,0.0,0.0,0.0,0.0,0.0,0.0,0.0,0.0,0.0,0.0,0.0,0.0,0,0,0,0,0,0,0,0,0,0,0,0,0,0,0,0,0,0,0,0,0,0,0,0,0,0,0,0,0,0,0,0,0,0,0,0,0,0,0
2026-02-23,0.9705309867858887,0.5487719774246216,109.7509994506836,1.1844700574874878,0.7111399173736572,113.0739974975586,1.8219250440597534,1.7683199644088745,199.98138427734375,1.664080023765564,1.6151399612426758,0.9132300019264221,0.874459981918335,182.65699768066406,11.228989601135254,1.971060037612915,10.65034008026123,1.1834739446640015,1.902899980545044,1.8469500541687012,1.0442399978637695,208.86700439453125,2.2539501190185547,1.3533265590667725,0.819267988204956,0.4631800055503845,92.64700317382812,0.6003986597061157,1.3648500442504883,0.7717000246047974,320.5790100097656,154.33900451660156,17.09827995300293,9.487970352172852,3.564889907836914,9.005990028381348,1.264140009880066,43.80820083618164,15.961400032043457,0.0,0.0,0.0,0.0,0.0,0.0,0.0,0.0,0.0,0.0,0.0,0.0,0.0,0.0,0.0,0.0,0.0,0.0,0.0,0.0,0.0,0.0,0.0,0.0,0.0,0.0,0.0,0.0,0.0,0.0,0.0,0.0,0.0,0.0,0.0,0.0,0.0,0.0,0.0,0.9702749848365784,0.5489799976348877,109.72000122070312,1.1850099563598633,0.7107901573181152,113.28199768066406,1.8329800367355347,1.7715200185775757,200.20799255371094,1.6724499464035034,1.6165599822998047,0.914870023727417,0.8748700022697449,182.80299377441406,11.289429664611816,1.9787399768829346,10.710280418395996,1.183445930480957,1.913390040397644,1.8494900465011597,1.0476700067520142,209.21200561523438,2.2642500400543213,1.3535646200180054,0.8192700147628784,0.4632900059223175,92.62200164794922,0.6002401113510132,1.3698699474334717,0.7766900062561035,322.4549865722656,155.02200317382812,17.240909576416016,9.576809883117676,3.5810000896453857,9.094510078430176,1.2670899629592896,43.844139099121094,16.03459930419922,0.9652799963951111,0.5452979803085327,108.87699890136719,1.1800999641418457,0.7049899101257324,112.73699951171875,1.8198360204696655,1.762168049812317,199.37399291992188,1.6641900539398193,1.6123000383377075,0.9121299982070923,0.8726999759674072,182.04100036621094,11.219499588012695,1.9710500240325928,10.645790100097656,1.1775233745574951,1.9030699729919434,1.8457000255584717,1.0426000356674194,208.22799682617188,2.253700017929077,1.3477815389633179,0.8156300187110901,0.459199994802475,92.00599670410156,0.5958197116851807,1.3649100065231323,0.7710300087928772,320.1310119628906,153.9949951171875,17.099599838256836,9.485989570617676,3.5643999576568604,9.005180358886719,1.263100028038025,43.804969787597656,15.949520111083984,0.9702749848365784,0.5486800074577332,109.70700073242188,1.1845200061798096,0.7107800245285034,113.05899810791016,1.8222099542617798,1.7682100534439087,199.93759155273438,1.6641900539398193,1.614840030670166,0.9130899906158447,0.8744000196456909,182.59300231933594,11.220399856567383,1.9712599515914917,10.656180381774902,1.1829839944839478,1.9030699729919434,1.8465100526809692,1.0441900491714478,208.81300354003906,2.2543699741363525,1.352868676185608,0.8189200162887573,0.4630900025367737,92.61000061035156,0.6000816226005554,1.3651399612426758,0.7718899846076965,320.14300537109375,154.3560028076172,17.103500366210938,9.485989570617676,3.566380023956299,9.008749961853027,1.2643799781799316,43.804969787597656,15.987759590148926,0.0,0.0,0.0,0.0,0.0,0.0,0.0,0.0,0.0,0.0,0.0,0.0,0.0,0.0,0.0,0.0,0.0,0.0,0.0,0.0,0.0,0.0,0.0,0.0,0.0,0.0,0.0,0.0,0.0,0.0,0.0,0.0,0.0,0.0,0.0,0.0,0.0,0.0,0.0,0,0,0,0,0,0,0,0,0,0,0,0,0,0,0,0,0,0,0,0,0,0,0,0,0,0,0,0,0,0,0,0,0,0,0,0,0,0,0
2026-02-24,0.96670001745224,0.5465899705886841,109.16000366210938,1.1846200227737427,0.706070065498352,112.91400146484375,1.828922986984253,1.768339991569519,199.68099975585938,1.670240044593811,1.6148300170898438,0.913070023059845,0.8737800121307373,182.36900329589844,11.281399726867676,1.9786499738693237,10.68616008758545,1.1793843507766724,1.9112800359725952,1.8479000329971313,1.0448299646377563,208.6909942626953,2.2642900943756104,1.34969162940979,0.8159899711608887,0.46132001280784607,92.14900207519531,0.596039891242981,1.369379997253418,0.7742300033569336,321.2650146484375,154.63499450683594,17.259559631347656,9.559639930725098,3.5748000144958496,9.059800148010254,1.2661900520324707,43.84659957885742,15.999580383300781,0.0,0.0,0.0,0.0,0.0,0.0,0.0,0.0,0.0,0.0,0.0,0.0,0.0,0.0,0.0,0.0,0.0,0.0,0.0,0.0,0.0,0.0,0.0,0.0,0.0,0.0,0.0,0.0,0.0,0.0,0.0,0.0,0.0,0.0,0.0,0.0,0.0,0.0,0.0,0.9689300060272217,0.5485150218009949,110.40699768066406,1.1855700016021729,0.7073501348495483,114.02100372314453,1.8371210098266602,1.7727559804916382,201.6580047607422,1.6749399900436401,1.616070032119751,0.9140300154685974,0.8743399977684021,184.1439971923828,11.29088020324707,1.9803400039672852,10.70083999633789,1.1796625852584839,1.9183800220489502,1.8546899557113647,1.0473899841308594,210.8300018310547,2.268239974975586,1.353747844696045,0.8183799982070923,0.4627400040626526,93.2030029296875,0.5973715782165527,1.3724700212478638,0.7764999866485596,322.3340148925781,156.24200439453125,17.299419403076172,9.588979721069336,3.5864601135253906,9.087160110473633,1.268339991569519,43.86037063598633,16.04486083984375,0.9641000032424927,0.5440999865531921,109.17900085449219,1.1813000440597534,0.7027500867843628,112.91400146484375,1.8218250274658203,1.7643569707870483,199.69998168945312,1.6655399799346924,1.6126999855041504,0.911270022392273,0.870710015296936,182.36000061035156,11.246500015258789,1.9732099771499634,10.650400161743164,1.1767336130142212,1.9056999683380127,1.846269965171814,1.0430999994277954,208.68699645996094,2.258699893951416,1.3471460342407227,0.8149999976158142,0.45809999108314514,92.15499877929688,0.5943698883056641,1.36899995803833,0.7730000019073486,320.75299072265625,154.61900329589844,17.160539627075195,9.541850090026855,3.5720999240875244,9.036149978637695,1.2656999826431274,43.83245849609375,15.921600341796875,0.9667500257492065,0.5466600060462952,109.17900085449219,1.183500051498413,0.7060800194740295,112.91400146484375,1.8289560079574585,1.768339991569519,199.7010040283203,1.6701699495315552,1.6147899627685547,0.9130600094795227,0.8737800121307373,182.36000061035156,11.27692985534668,1.9781800508499146,10.687080383300781,1.1793148517608643,1.9113600254058838,1.8480299711227417,1.0448299646377563,208.68699645996094,2.264009952545166,1.3496370315551758,0.8159700036048889,0.46136999130249023,92.15499877929688,0.5960612297058105,1.3693699836730957,0.7742400169372559,321.2760009765625,154.63699340820312,17.26020050048828,9.562350273132324,3.5771899223327637,9.061400413513184,1.2662500143051147,43.84659957885742,16.0080509185791,0.0,0.0,0.0,0.0,0.0,0.0,0.0,0.0,0.0,0.0,0.0,0.0,0.0,0.0,0.0,0.0,0.0,0.0,0.0,0.0,0.0,0.0,0.0,0.0,0.0,0.0,0.0,0.0,0.0,0.0,0.0,0.0,0.0,0.0,0.0,0.0,0.0,0.0,0.0,0,0,0,0,0,0,0,0,0,0,0,0,0,0,0,0,0,0,0,0,0,0,0,0,0,0,0,0,0,0,0,0,0,0,0,0,0,0,0
2026-02-25,0.96670001745224,0.5460739731788635,110.03700256347656,1.1833300590515137,0.7060999870300293,113.76000213623047,1.830396056175232,1.7704349756240845,201.40199279785156,1.6677600145339966,1.613010048866272,0.9110199809074402,0.8723400235176086,183.53500366210938,11.258919715881348,1.973680019378662,10.648159980773926,1.1775233745574951,1.911679983139038,1.8488099575042725,1.0441999435424805,210.3719940185547,2.262360095977783,1.3497462272644043,0.8171150088310242,0.46143999695777893,92.97200012207031,0.5965590476989746,1.3700300455093384,0.7737299799919128,320.8900146484375,155.8800048828125,17.17889976501465,9.559009552001953,3.579040050506592,9.043869972229004,1.2662999629974365,43.854801177978516,15.951399803161621,0.0,0.0,0.0,0.0,0.0,0.0,0.0,0.0,0.0,0.0,0.0,0.0,0.0,0.0,0.0,0.0,0.0,0.0,0.0,0.0,0.0,0.0,0.0,0.0,0.0,0.0,0.0,0.0,0.0,0.0,0.0,0.0,0.0,0.0,0.0,0.0,0.0,0.0,0.0,0.9737139940261841,0.5498650074005127,111.28700256347656,1.1891100406646729,0.7117002010345459,114.48799896240234,1.830696940422058,1.7716000080108643,202.48765563964844,1.668220043182373,1.6153199672698975,0.9132099747657776,0.8730999827384949,184.7530059814453,11.322999954223633,1.9753199815750122,10.701780319213867,1.180790901184082,1.9119499921798706,1.8544000387191772,1.0477800369262695,212.0,2.2649099826812744,1.3551236391067505,0.8198890089988708,0.4630599915981293,93.70500183105469,0.5993514657020569,1.3705799579620361,0.7756699919700623,321.239990234375,156.80799865722656,17.220699310302734,9.61752986907959,3.5878899097442627,9.08452033996582,1.2670600414276123,43.87406921386719,15.984959602355957,0.9668999910354614,0.5457000136375427,110.02999877929688,1.1827000379562378,0.7057900428771973,113.5270004272461,1.8171910047531128,1.7661770582199097,201.03240966796875,1.6585999727249146,1.6122000217437744,0.9107999801635742,0.8709999918937683,183.2259979248047,11.241109848022461,1.969670057296753,10.632599830627441,1.1771352291107178,1.9006199836730957,1.8482999801635742,1.0435999631881714,210.00999450683594,2.2564001083374023,1.349199891090393,0.8163999915122986,0.4593000113964081,92.8740005493164,0.596039891242981,1.367400050163269,0.7717999815940857,317.6499938964844,155.35699462890625,17.133399963378906,9.520469665527344,3.5662999153137207,9.008830070495605,1.2632999420166016,43.83000183105469,15.829500198364258,0.9671499729156494,0.5461300015449524,110.0510025024414,1.183359980583191,0.7058901786804199,113.77300262451172,1.8304630517959595,1.7705299854278564,201.4704132080078,1.6680200099945068,1.613420009613037,0.9110900163650513,0.8724300265312195,183.58999633789062,11.25160026550293,1.9740899801254272,10.649319648742676,1.1775511503219604,1.9118200540542603,1.8492599725723267,1.0442099571228027,210.4199981689453,2.262629985809326,1.3496370315551758,0.8166000247001648,0.4613899886608124,92.98100280761719,0.5964701175689697,1.3702000379562378,0.7738000154495239,321.0989990234375,155.91200256347656,17.18206024169922,9.556320190429688,3.5791800022125244,9.045169830322266,1.2668399810791016,43.85380172729492,15.958700180053711,0.0,0.0,0.0,0.0,0.0,0.0,0.0,0.0,0.0,0.0,0.0,0.0,0.0,0.0,0.0,0.0,0.0,0.0,0.0,0.0,0.0,0.0,0.0,0.0,0.0,0.0,0.0,0.0,0.0,0.0,0.0,0.0,0.0,0.0,0.0,0.0,0.0,0.0,0.0,0,0,0,0,0,0,0,0,0,0,0,0,0,0,0,0,0,0,0,0,0,0,0,0,0,0,0,0,0,0,0,0,0,0,0,0,0,0,0
2026-02-26,0.9735699892044067,0.5497840046882629,111.19000244140625,1.1865400075912476,0.7120498418807983,114.20999908447266,1.818511962890625,1.7709200382232666,202.24400329589844,1.6591999530792236,1.6155400276184082,0.9122300148010254,0.871399998664856,184.5399932861328,11.271300315856934,1.9688299894332886,10.65056037902832,1.181516408920288,1.9038399457931519,1.8538529872894287,1.046779990196228,211.76600646972656,2.2588999271392822,1.3558034896850586,0.8203399777412415,0.46320000290870667,93.71399688720703,0.6000888347625732,1.3675800561904907,0.7721400260925293,317.1600036621094,156.1999969482422,17.157529830932617,9.541720390319824,3.5653998851776123,9.014969825744629,1.2627500295639038,43.8650016784668,15.843179702758789,0.0,0.0,0.0,0.0,0.0,0.0,0.0,0.0,0.0,0.0,0.0,0.0,0.0,0.0,0.0,0.0,0.0,0.0,0.0,0.0,0.0,0.0,0.0,0.0,0.0,0.0,0.0,0.0,0.0,0.0,0.0,0.0,0.0,0.0,0.0,0.0,0.0,0.0,0.0,0.9750459790229797,0.5517269968986511,111.28500366210938,1.1890699863433838,0.7137249112129211,114.25700378417969,1.8258169889450073,1.7719600200653076,202.26498413085938,1.6668100357055664,1.6170099973678589,0.9150400161743164,0.8733699917793274,184.5500030517578,11.312849998474121,1.977489948272705,10.697480201721191,1.1830118894577026,1.9102699756622314,1.8546700477600098,1.049630045890808,211.7689971923828,2.265860080718994,1.3574045896530151,0.8212599754333496,0.4640899896621704,93.73500061035156,0.6013193130493164,1.3710500001907349,0.7753199934959412,319.5780029296875,156.26100158691406,17.27199935913086,9.592399597167969,3.5858399868011475,9.079270362854004,1.2655600309371948,43.88460922241211,15.995100021362305,0.9689000248908997,0.5475000143051147,110.302001953125,1.1847000122070312,0.7069686055183411,113.75399780273438,1.8109380006790161,1.7641220092773438,201.2172393798828,1.6564899682998657,1.6128000020980835,0.9118899703025818,0.8711000084877014,183.85299682617188,11.252189636230469,1.9658900499343872,10.645600318908691,1.1782448291778564,1.8994899988174438,1.847000002861023,1.044700026512146,210.6820068359375,2.2548999786376953,1.3497098684310913,0.8165799975395203,0.4595000147819519,92.98600006103516,0.5960185527801514,1.3657000064849854,0.7710000276565552,316.7300109863281,155.74600219726562,17.14430046081543,9.52698040008545,3.561300039291382,9.002280235290527,1.2613999843597412,43.864200592041016,15.820699691772461,0.9736520051956177,0.5497379899024963,111.16799926757812,1.1864500045776367,0.7120001912117004,114.17400360107422,1.818660020828247,1.7708499431610107,202.14254760742188,1.6592999696731567,1.6157200336456299,0.9124000072479248,0.871399998664856,184.48599243164062,11.276909828186035,1.9688600301742554,10.652859687805176,1.181544303894043,1.9040800333023071,1.853700041770935,1.0465999841690063,211.697998046875,2.259269952774048,1.355821967124939,0.8202999830245972,0.4631800055503845,93.66999816894531,0.6000816226005554,1.3675700426101685,0.772072970867157,316.98699951171875,156.14300537109375,17.16762924194336,9.543910026550293,3.5653998851776123,9.01692008972168,1.262969970703125,43.86650085449219,15.854240417480469,0.0,0.0,0.0,0.0,0.0,0.0,0.0,0.0,0.0,0.0,0.0,0.0,0.0,0.0,0.0,0.0,0.0,0.0,0.0,0.0,0.0,0.0,0.0,0.0,0.0,0.0,0.0,0.0,0.0,0.0,0.0,0.0,0.0,0.0,0.0,0.0,0.0,0.0,0.0,0,0,0,0,0,0,0,0,0,0,0,0,0,0,0,0,0,0,0,0,0,0,0,0,0,0,0,0,0,0,0,0,0,0,0,0,0,0,0
2026-02-27,0.9710900187492371,0.5490599870681763,110.68000030517578,1.1875799894332886,0.71017986536026,113.95500183105469,1.8206650018692017,1.7684400081634521,201.5189971923828,1.6618200540542603,1.613919973373413,0.9125699996948242,0.8747699856758118,183.94700622558594,11.275910377502441,1.9735100269317627,10.678680419921875,1.1803030967712402,1.8994300365447998,1.8449100255966187,1.0430599451065063,210.26499938964844,2.255850076675415,1.3491452932357788,0.8176469802856445,0.46226000785827637,93.18800354003906,0.5980217456817627,1.3675800561904907,0.7732300162315369,317.97100830078125,155.85899353027344,17.202899932861328,9.549690246582031,3.5772199630737305,9.048199653625488,1.263200044631958,43.95539855957031,15.9173002243042,0.0,0.0,0.0,0.0,0.0,0.0,0.0,0.0,0.0,0.0,0.0,0.0,0.0,0.0,0.0,0.0,0.0,0.0,0.0,0.0,0.0,0.0,0.0,0.0,0.0,0.0,0.0,0.0,0.0,0.0,0.0,0.0,0.0,0.0,0.0,0.0,0.0,0.0,0.0,0.9743599891662598,0.5511090159416199,111.27999877929688,1.18982994556427,0.7132998704910278,114.48699951171875,1.8306299448013306,1.7779099941253662,203.37600708007812,1.6639000177383423,1.6156699657440186,0.9134100079536438,0.8786799907684326,184.48899841308594,11.27869987487793,1.9746700525283813,10.694780349731445,1.182396411895752,1.899999976158142,1.8459099531173706,1.0434600114822388,210.8209991455078,2.25669002532959,1.350548267364502,0.8190320134162903,0.4632300138473511,93.68099975585938,0.6004599332809448,1.3683899641036987,0.773829996585846,319.7640075683594,156.2169952392578,17.251569747924805,9.559550285339355,3.582940101623535,9.067299842834473,1.2670199871063232,43.959808349609375,15.996800422668457,0.9696199893951416,0.5455999970436096,110.52300262451172,1.1858999729156494,0.7086700201034546,113.81400299072266,1.8125790357589722,1.7668739557266235,201.32574462890625,1.655900001525879,1.6098999977111816,0.906220018863678,0.8745700120925903,183.70799255371094,11.203399658203125,1.9674299955368042,10.649299621582031,1.1790506839752197,1.8862899541854858,1.8330800533294678,1.0327999591827393,209.79299926757812,2.240000009536743,1.3441762924194336,0.8166099786758423,0.45739999413490295,93.04499816894531,0.5971789360046387,1.3628699779510498,0.7670999765396118,317.5199890136719,155.54100036621094,17.155000686645508,9.491350173950195,3.568000078201294,9.014630317687988,1.2625999450683594,43.92490005493164,15.867799758911133,0.9713699817657471,0.5491700172424316,110.7030029296875,1.187690019607544,0.7103100419044495,113.95899963378906,1.8203330039978027,1.768339991569519,201.5290069580078,1.6615899801254272,1.614050030708313,0.912630021572113,0.8747599720954895,183.9669952392578,11.276309967041016,1.973230004310608,10.679800033569336,1.1803449392318726,1.8992999792099,1.844939947128296,1.0431599617004395,210.28399658203125,2.2559800148010254,1.3492363691329956,0.8176400065422058,0.4622899889945984,93.1969985961914,0.5980789661407471,1.3676300048828125,0.7732399702072144,318.22698974609375,155.87100219726562,17.202600479125977,9.551300048828125,3.5769100189208984,9.047889709472656,1.263659954071045,43.95589828491211,15.92063045501709,0.0,0.0,0.0,0.0,0.0,0.0,0.0,0.0,0.0,0.0,0.0,0.0,0.0,0.0,0.0,0.0,0.0,0.0,0.0,0.0,0.0,0.0,0.0,0.0,0.0,0.0,0.0,0.0,0.0,0.0,0.0,0.0,0.0,0.0,0.0,0.0,0.0,0.0,0.0,0,0,0,0,0,0,0,0,0,0,0,0,0,0,0,0,0,0,0,0,0,0,0,0,0,0,0,0,0,0,0,0,0,0,0,0,0,0,0
2026-03-02,0.9646469950675964,0.5431110262870789,110.5459976196289,1.1846100091934204,0.7058109045028687,114.58599853515625,1.8408199548721313,1.7759000062942505,203.52920532226562,1.6659799814224243,1.6071799993515015,0.9048600196838379,0.8770700097084045,184.18600463867188,11.185400009155273,1.9737600088119507,10.668769836425781,1.1759449243545532,1.8993500471115112,1.832200050354004,1.0316100120544434,209.98199462890625,2.250269889831543,1.3406623601913452,0.8140000104904175,0.45829999446868896,93.2979965209961,0.595770001411438,1.3668400049209595,0.7695299983024597,321.5989990234375,156.63299560546875,17.316999435424805,9.512290000915527,3.5918900966644287,9.072059631347656,1.2695499658584595,43.9486083984375,16.059579849243164,0.0,0.0,0.0,0.0,0.0,0.0,0.0,0.0,0.0,0.0,0.0,0.0,0.0,0.0,0.0,0.0,0.0,0.0,0.0,0.0,0.0,0.0,0.0,0.0,0.0,0.0,0.0,0.0,0.0,0.0,0.0,0.0,0.0,0.0,0.0,0.0,0.0,0.0,0.0,0.9707040190696716,0.55206698179245,111.68099975585938,1.1929700374603271,0.7117002010345459,115.26499938964844,1.841755986213684,1.7768900394439697,203.96600341796875,1.6667300462722778,1.6092000007629395,0.9129999876022339,0.8786799907684326,184.68899536132812,11.220379829406738,1.975909948348999,10.73468017578125,1.1795791387557983,1.9000600576400757,1.8355499505996704,1.0445499420166016,211.35899353027344,2.2585198879241943,1.3456594944000244,0.8176100254058838,0.4630799889564514,93.73699951171875,0.5995383262634277,1.3716800212860107,0.7812700271606445,326.9809875488281,157.74400329589844,17.3966007232666,9.60785961151123,3.633500099182129,9.181879997253418,1.276110053062439,43.969730377197266,16.203500747680664,0.9628999829292297,0.5425999760627747,110.48300170898438,1.1844700574874878,0.7045598030090332,114.43900299072266,1.811102032661438,1.7538299560546875,201.6820068359375,1.6522400379180908,1.5989400148391724,0.9033899903297424,0.8729400038719177,183.77200317382812,11.141679763793945,1.9670300483703613,10.663000106811523,1.1672834157943726,1.8855799436569214,1.8219399452209473,1.0298000574111938,209.37600708007812,2.242650032043457,1.3316820859909058,0.8108299970626831,0.4523800015449524,93.16999816894531,0.591821014881134,1.3640700578689575,0.7678099870681763,320.1499938964844,156.1479949951172,17.218399047851562,9.486820220947266,3.577699899673462,9.035059928894043,1.2661999464035034,43.93429946899414,15.986599922180176,0.9645649790763855,0.5430099964141846,110.51699829101562,1.1845300197601318,0.7058010101318359,114.57099914550781,1.8410099744796753,1.7760100364685059,203.49151611328125,1.6661399602890015,1.6072200536727905,0.9048799872398376,0.8771100044250488,184.16400146484375,11.187379837036133,1.9737399816513062,10.673489570617676,1.1760140657424927,1.8994899988174438,1.8324300050735474,1.0315699577331543,209.947998046875,2.2502601146698,1.340752124786377,0.814079999923706,0.4582900106906891,93.28299713134766,0.5958090424537659,1.3667999505996704,0.7695000171661377,321.697998046875,156.60800170898438,17.320999145507812,9.51315975189209,3.592639923095703,9.076089859008789,1.2697999477386475,43.953861236572266,16.061080932617188,0.0,0.0,0.0,0.0,0.0,0.0,0.0,0.0,0.0,0.0,0.0,0.0,0.0,0.0,0.0,0.0,0.0,0.0,0.0,0.0,0.0,0.0,0.0,0.0,0.0,0.0,0.0,0.0,0.0,0.0,0.0,0.0,0.0,0.0,0.0,0.0,0.0,0.0,0.0,0,0,0,0,0,0,0,0,0,0,0,0,0,0,0,0,0,0,0,0,0,0,0,0,0,0,0,0,0,0,0,0,0,0,0,0,0,0,0
2026-03-03,0.9713199734687805,0.5532799959182739,111.73500061035156,1.1944799423217773,0.710580050945282,115.01699829101562,1.8069130182266235,1.7553199529647827,201.9080047607422,1.6458699703216553,1.5987900495529175,0.9107400178909302,0.8721299767494202,183.92300415039062,11.19629955291748,1.966130018234253,10.707269668579102,1.1697274446487427,1.8869999647140503,1.8330700397491455,1.0441299676895142,210.8730010986328,2.2542600631713867,1.3410578966140747,0.8130599856376648,0.4630799889564514,93.5250015258789,0.5948804616928101,1.3671000003814697,0.7787100076675415,324.2929992675781,157.2570037841797,17.30327033996582,9.573169708251953,3.620699882507324,9.155030250549316,1.272379994392395,43.96500015258789,16.07469940185547,0.0,0.0,0.0,0.0,0.0,0.0,0.0,0.0,0.0,0.0,0.0,0.0,0.0,0.0,0.0,0.0,0.0,0.0,0.0,0.0,0.0,0.0,0.0,0.0,0.0,0.0,0.0,0.0,0.0,0.0,0.0,0.0,0.0,0.0,0.0,0.0,0.0,0.0,0.0,0.9729099869728088,0.5552290081977844,112.072998046875,1.197909951210022,0.7122502326965332,115.41999816894531,1.831719994544983,1.7554199695587158,202.16465759277344,1.6619199514389038,1.5992200374603271,0.9126999974250793,0.8737999796867371,184.30499267578125,11.297069549560547,1.9772299528121948,10.789819717407227,1.1707134246826172,1.9101799726486206,1.833799958229065,1.0465199947357178,211.3209991455078,2.2711501121520996,1.3425161838531494,0.8134499788284302,0.46401000022888184,93.74299621582031,0.5956209897994995,1.375249981880188,0.7878000140190125,338.947998046875,157.96600341796875,17.868200302124023,9.79384994506836,3.733750104904175,9.348270416259766,1.2832599878311157,43.97969055175781,16.739059448242188,0.9549000263214111,0.5458199977874756,109.5719985961914,1.1887760162353516,0.694550096988678,114.7300033569336,1.7998559474945068,1.7403409481048584,200.4239959716797,1.6425000429153442,1.5836399793624878,0.906719982624054,0.8699399828910828,182.04600524902344,11.155570030212402,1.9645999670028687,10.693499565124512,1.153203010559082,1.8807899951934814,1.819409966468811,1.0416899919509888,209.22999572753906,2.2511799335479736,1.325486421585083,0.8023599982261658,0.45890000462532043,92.13600158691406,0.5838291049003601,1.3660399913787842,0.7785199880599976,324.1099853515625,157.1529998779297,17.281400680541992,9.547249794006348,3.6140999794006348,9.146599769592285,1.27128005027771,43.86050033569336,16.048599243164062,0.97079998254776,0.5530319809913635,111.66000366210938,1.1939400434494019,0.7101717591285706,115.01599884033203,1.8078609704971313,1.7554199695587158,201.92066955566406,1.6466100215911865,1.5987499952316284,0.9106900095939636,0.8721200227737427,183.88999938964844,11.198670387268066,1.965499997138977,10.708219528198242,1.1694538593292236,1.8879300355911255,1.8330299854278564,1.0440800189971924,210.86399841308594,2.254300117492676,1.3408960103988647,0.8130099773406982,0.4630500078201294,93.51799774169922,0.5947991013526917,1.3672300577163696,0.7787700295448303,324.760009765625,157.27200317382812,17.30660057067871,9.576700210571289,3.6221299171447754,9.156100273132324,1.2725800275802612,43.95125961303711,16.077280044555664,0.0,0.0,0.0,0.0,0.0,0.0,0.0,0.0,0.0,0.0,0.0,0.0,0.0,0.0,0.0,0.0,0.0,0.0,0.0,0.0,0.0,0.0,0.0,0.0,0.0,0.0,0.0,0.0,0.0,0.0,0.0,0.0,0.0,0.0,0.0,0.0,0.0,0.0,0.0,0,0,0,0,0,0,0,0,0,0,0,0,0,0,0,0,0,0,0,0,0,0,0,0,0,0,0,0,0,0,0,0,0,0,0,0,0,0,0
2026-03-04,0.9626200199127197,0.5504500269889832,111.08000183105469,1.1955100297927856,0.7040701508522034,115.36599731445312,1.8160690069198608,1.7485300302505493,201.75918579101562,1.6491400003433228,1.5876599550247192,0.9078900218009949,0.8695999979972839,183.20399475097656,11.215060234069824,1.9708000421524048,10.747679710388184,1.161224365234375,1.8962600231170654,1.8256700038909912,1.0439499616622925,210.66000366210938,2.2660999298095703,1.3353630304336548,0.8049799799919128,0.4603399932384491,92.89900207519531,0.5889108180999756,1.3674099445343018,0.7819200158119202,332.39300537109375,157.7729949951172,17.670869827270508,9.657429695129395,3.6919000148773193,9.255009651184082,1.2770099639892578,43.948001861572266,16.481090545654297,0.0,0.0,0.0,0.0,0.0,0.0,0.0,0.0,0.0,0.0,0.0,0.0,0.0,0.0,0.0,0.0,0.0,0.0,0.0,0.0,0.0,0.0,0.0,0.0,0.0,0.0,0.0,0.0,0.0,0.0,0.0,0.0,0.0,0.0,0.0,0.0,0.0,0.0,0.0,0.9667249917984009,0.5519949793815613,111.13400268554688,1.1953599452972412,0.7075598239898682,115.36900329589844,1.8308980464935303,1.7538299560546875,201.92874145507812,1.6588000059127808,1.592769980430603,0.9097700119018555,0.8712000250816345,183.1909942626953,11.250679969787598,1.975350022315979,10.772509574890137,1.1654876470565796,1.9053800106048584,1.8311500549316406,1.0470999479293823,210.64300537109375,2.270210027694702,1.3404645919799805,0.8107399940490723,0.46303001046180725,93.2030029296875,0.5935211181640625,1.369920015335083,0.7833999991416931,336.08599853515625,157.84500122070312,17.770299911499023,9.697199821472168,3.7086799144744873,9.294899940490723,1.279770016670227,43.98902130126953,16.624500274658203,0.9569600224494934,0.5460299849510193,109.9489974975586,1.1863600015640259,0.6986899971961975,114.7979965209961,1.810610055923462,1.7453099489212036,200.60829162597656,1.6450400352478027,1.5845600366592407,0.9055500030517578,0.8685899972915649,182.38699340820312,11.182600021362305,1.961150050163269,10.65093994140625,1.1576753854751587,1.8897099494934082,1.8218450546264648,1.0398000478744507,209.48899841308594,2.25219988822937,1.3305480480194092,0.8026700019836426,0.45879998803138733,92.42500305175781,0.58622145652771,1.3644399642944336,0.7789000272750854,329.0799865722656,156.88299560546875,17.524599075317383,9.610230445861816,3.654010057449341,9.150520324707031,1.2727299928665161,43.8944206237793,16.29199981689453,0.9623900055885315,0.550432026386261,111.03199768066406,1.1953599452972412,0.7038684487342834,115.35199737548828,1.816398024559021,1.7484400272369385,201.7112274169922,1.6494899988174438,1.5876699686050415,0.9079300165176392,0.8694800138473511,183.16700744628906,11.215189933776855,1.971850037574768,10.747520446777344,1.161089539527893,1.8968499898910522,1.8258299827575684,1.0440900325775146,210.64300537109375,2.2677299976348877,1.335309624671936,0.8049299716949463,0.4602999985218048,92.86900329589844,0.5887686610221863,1.3675299882888794,0.7820199728012085,332.5220031738281,157.781005859375,17.675769805908203,9.659099578857422,3.6942598819732666,9.25652027130127,1.27701997756958,43.96289825439453,16.511629104614258,0.0,0.0,0.0,0.0,0.0,0.0,0.0,0.0,0.0,0.0,0.0,0.0,0.0,0.0,0.0,0.0,0.0,0.0,0.0,0.0,0.0,0.0,0.0,0.0,0.0,0.0,0.0,0.0,0.0,0.0,0.0,0.0,0.0,0.0,0.0,0.0,0.0,0.0,0.0,0,0,0,0,0,0,0,0,0,0,0,0,0,0,0,0,0,0,0,0,0,0,0,0,0,0,0,0,0,0,0,0,0,0,0,0,0,0,0
2026-03-05,0.9653599858283997,0.5513120293617249,111.07099914550781,1.1916699409484863,0.7075998783111572,115.05000305175781,1.8135600090026855,1.750920057296753,201.4558563232422,1.6441600322723389,1.587380051612854,0.9064800143241882,0.8702200055122375,182.64100646972656,11.194700241088867,1.9594099521636963,10.670430183410645,1.1635618209838867,1.8891799449920654,1.8240100145339966,1.0415400266647339,209.85400390625,2.2512800693511963,1.3369520902633667,0.8098670244216919,0.46248000860214233,93.19000244140625,0.5937607288360596,1.364400029182434,0.7791500091552734,330.1189880371094,156.98300170898438,17.593059539794922,9.62285041809082,3.664289951324463,9.170439720153809,1.2747299671173096,43.93980026245117,16.314889907836914,0.0,0.0,0.0,0.0,0.0,0.0,0.0,0.0,0.0,0.0,0.0,0.0,0.0,0.0,0.0,0.0,0.0,0.0,0.0,0.0,0.0,0.0,0.0,0.0,0.0,0.0,0.0,0.0,0.0,0.0,0.0,0.0,0.0,0.0,0.0,0.0,0.0,0.0,0.0,0.9660699963569641,0.5517740249633789,111.08999633789062,1.192270040512085,0.7088498473167419,115.70099639892578,1.8282870054244995,1.7522900104522705,202.08335876464844,1.6559799909591675,1.5877599716186523,0.9070799946784973,0.8710299730300903,183.0850067138672,11.241049766540527,1.9686800241470337,10.717570304870605,1.164686679840088,1.9046299457550049,1.8249000310897827,1.0432900190353394,210.61199951171875,2.2638800144195557,1.3386342525482178,0.810670018196106,0.46331000328063965,93.30000305175781,0.5948415398597717,1.3714699745178223,0.7832000255584717,336.09698486328125,157.76800537109375,17.758859634399414,9.714019775390625,3.7014501094818115,9.26498031616211,1.2813600301742554,43.99972152709961,16.692899703979492,0.9575099945068359,0.546500027179718,110.18000030517578,1.1865999698638916,0.6985001564025879,114.77400207519531,1.8112659454345703,1.7447099685668945,200.97947692871094,1.6425700187683105,1.5814499855041504,0.9049400091171265,0.8686000108718872,182.13999938964844,11.185799598693848,1.9561899900436401,10.665820121765137,1.1561896800994873,1.8878400325775146,1.8180999755859375,1.0393999814987183,209.1750030517578,2.2471799850463867,1.3301233053207397,0.8052499890327454,0.45969998836517334,92.67900085449219,0.5875509977340698,1.3615599870681763,0.777999997138977,329.94000244140625,156.4739990234375,17.56839942932129,9.608110427856445,3.6631999015808105,9.160369873046875,1.273300051689148,43.96717834472656,16.301300048828125,0.9650200009346008,0.55110102891922,111.02200317382812,1.1914249658584595,0.7073701620101929,115.04299926757812,1.8141579627990723,1.7507599592208862,201.41099548339844,1.6447299718856812,1.587149977684021,0.9065099954605103,0.870199978351593,182.62600708007812,11.199239730834961,1.9597300291061401,10.67251968383789,1.1635212898254395,1.8897000551223755,1.8236199617385864,1.0415600538253784,209.8470001220703,2.251840114593506,1.3369520902633667,0.8098300099372864,0.4624300003051758,93.17400360107422,0.593679666519165,1.3644100427627563,0.7791600227355957,330.25299072265625,156.9709930419922,17.598100662231445,9.625349998474121,3.664400100708008,9.172800064086914,1.2748899459838867,43.97420120239258,16.318279266357422,0.0,0.0,0.0,0.0,0.0,0.0,0.0,0.0,0.0,0.0,0.0,0.0,0.0,0.0,0.0,0.0,0.0,0.0,0.0,0.0,0.0,0.0,0.0,0.0,0.0,0.0,0.0,0.0,0.0,0.0,0.0,0.0,0.0,0.0,0.0,0.0,0.0,0.0,0.0,0,0,0,0,0,0,0,0,0,0,0,0,0,0,0,0,0,0,0,0,0,0,0,0,0,0,0,0,0,0,0,0,0,0,0,0,0,0,0
2026-03-06,0.9582800269126892,0.5473930239677429,110.4469985961914,1.1888099908828735,0.7011299729347229,115.22699737548828,1.8264509439468384,1.7505899667739868,201.74696350097656,1.6554800271987915,1.5867199897766113,0.9061700105667114,0.8689900040626526,182.86199951171875,11.218700408935547,1.9681299924850464,10.704010009765625,1.1608065366744995,1.9047900438308716,1.8258099555969238,1.0426900386810303,210.4149932861328,2.264539957046509,1.3357375860214233,0.805899977684021,0.46028000116348267,92.88899993896484,0.5897687077522278,1.3669899702072144,0.7806599736213684,333.68701171875,157.53399658203125,17.702600479125977,9.666950225830078,3.6823999881744385,9.221190452575684,1.2797000408172607,44.03340148925781,16.622779846191406,0.0,0.0,0.0,0.0,0.0,0.0,0.0,0.0,0.0,0.0,0.0,0.0,0.0,0.0,0.0,0.0,0.0,0.0,0.0,0.0,0.0,0.0,0.0,0.0,0.0,0.0,0.0,0.0,0.0,0.0,0.0,0.0,0.0,0.0,0.0,0.0,0.0,0.0,0.0,0.9620090126991272,0.5498110055923462,111.09700012207031,1.193429946899414,0.7047101855278015,115.91699981689453,1.8354010581970215,1.7521799802780151,202.68499755859375,1.6563199758529663,1.587049961090088,0.9067000150680542,0.8691999912261963,183.24000549316406,11.230879783630371,1.9723299741744995,10.714739799499512,1.16225004196167,1.910979986190796,1.826200008392334,1.044409990310669,211.21299743652344,2.2769899368286133,1.3408780097961426,0.8075540065765381,0.4613800048828125,93.23200225830078,0.59163898229599,1.3671200275421143,0.7825400233268738,341.4469909667969,158.07400512695312,17.915599822998047,9.67864990234375,3.7127299308776855,9.270339965820312,1.2819900512695312,44.076820373535156,16.813600540161133,0.9528700113296509,0.5444999933242798,110.16400146484375,1.187600016593933,0.6978698372840881,115.20800018310547,1.8171910047531128,1.7447799444198608,201.63499450683594,1.648010015487671,1.576449990272522,0.9018399715423584,0.8657699823379517,182.36500549316406,11.112700462341309,1.9631999731063843,10.653949737548828,1.1547610759735107,1.8970600366592407,1.8185299634933472,1.039680004119873,210.28500366210938,2.2590999603271484,1.3313806056976318,0.7993800044059753,0.4569999873638153,92.48999786376953,0.5859397649765015,1.3596999645233154,0.7771999835968018,332.7799987792969,157.41200256347656,17.635700225830078,9.574749946594238,3.671600103378296,9.178970336914062,1.2766400575637817,43.95151901245117,16.54450035095215,0.9580399990081787,0.5471799969673157,110.40699768066406,1.1887099742889404,0.7009299993515015,115.21399688720703,1.8267509937286377,1.7505300045013428,201.6999969482422,1.6557899713516235,1.586650013923645,0.9061800241470337,0.8689600229263306,182.83299255371094,11.220100402832031,1.9682600498199463,10.707619667053223,1.1607122421264648,1.905150055885315,1.8253999948501587,1.0427299737930298,210.38099670410156,2.2648398876190186,1.3356841802597046,0.8058199882507324,0.46024999022483826,92.86699676513672,0.5896713137626648,1.367050051689148,0.7807499766349792,333.6960144042969,157.52200317382812,17.704530715942383,9.668930053710938,3.6823999881744385,9.224969863891602,1.2799999713897705,44.02560043334961,16.640899658203125,0.0,0.0,0.0,0.0,0.0,0.0,0.0,0.0,0.0,0.0,0.0,0.0,0.0,0.0,0.0,0.0,0.0,0.0,0.0,0.0,0.0,0.0,0.0,0.0,0.0,0.0,0.0,0.0,0.0,0.0,0.0,0.0,0.0,0.0,0.0,0.0,0.0,0.0,0.0,0,0,0,0,0,0,0,0,0,0,0,0,0,0,0,0,0,0,0,0,0,0,0,0,0,0,0,0,0,0,0,0,0,0,0,0,0,0,0
2026-03-09,0.947380006313324,0.5440999865531921,110.35700225830078,1.190750002861023,0.6966199278831482,116.45600128173828,1.8369859457015991,1.7407900094985962,202.7449951171875,1.653939962387085,1.567229986190796,0.9001200199127197,0.8662499785423279,182.5469970703125,11.10219955444336,1.969539999961853,10.677189826965332,1.152325987815857,1.9091600179672241,1.8088200092315674,1.0389599800109863,210.71800231933594,2.273469924926758,1.3301055431365967,0.7955570220947266,0.45688000321388245,92.66400146484375,0.5850211381912231,1.3602099418640137,0.781220018863678,342.5559997558594,158.427001953125,17.992300033569336,9.634249687194824,3.7284200191497803,9.2672700881958,1.2842700481414795,44.083091735839844,16.769359588623047,0.0,0.0,0.0,0.0,0.0,0.0,0.0,0.0,0.0,0.0,0.0,0.0,0.0,0.0,0.0,0.0,0.0,0.0,0.0,0.0,0.0,0.0,0.0,0.0,0.0,0.0,0.0,0.0,0.0,0.0,0.0,0.0,0.0,0.0,0.0,0.0,0.0,0.0,0.0,0.9570000171661377,0.5488229990005493,111.49800109863281,1.1913100481033325,0.7048498392105103,117.19499969482422,1.8382689952850342,1.7455500364303589,203.70074462890625,1.6552499532699585,1.5740200281143188,0.902649998664856,0.8675699830055237,183.3699951171875,11.185600280761719,1.9693599939346313,10.705889701843262,1.159366488456726,1.9114400148391724,1.8202999830245972,1.0429400205612183,212.02000427246094,2.2737600803375244,1.3398720026016235,0.8038510084152222,0.46105000376701355,93.68299865722656,0.592210054397583,1.3605300188064575,0.7824599742889404,346.8420104980469,158.8939971923828,18.019899368286133,9.675749778747559,3.7367401123046875,9.295760154724121,1.2849500179290771,44.0844612121582,16.912700653076172,0.9460049867630005,0.5437999963760376,110.26799774169922,1.1862000226974487,0.6956908702850342,116.35700225830078,1.8204989433288574,1.7348400354385376,202.70263671875,1.6427199840545654,1.5608999729156494,0.8981199860572815,0.8645899891853333,182.468994140625,11.095120429992676,1.954300045967102,10.65254020690918,1.150814175605774,1.8977500200271606,1.801800012588501,1.037160038948059,210.6719970703125,2.256649971008301,1.3284975290298462,0.7952799797058105,0.4569399952888489,92.64600372314453,0.5851888656616211,1.3525999784469604,0.7777000069618225,339.1400146484375,158.0030059814453,17.74340057373047,9.600150108337402,3.6830999851226807,9.194899559020996,1.2770999670028687,44.06230163574219,16.520429611206055,0.9479110240936279,0.5442299842834473,110.36499786376953,1.1907800436019897,0.6968786716461182,116.4280014038086,1.8365809917449951,1.7411799430847168,202.73699951171875,1.653749942779541,1.567710041999817,0.9002199769020081,0.8660500049591064,182.53799438476562,11.104000091552734,1.9693599939346313,10.669349670410156,1.1525650024414062,1.909369945526123,1.8097200393676758,1.0392800569534302,210.7519989013672,2.27374005317688,1.3307074308395386,0.795769989490509,0.4569700062274933,92.66699981689453,0.5852094292640686,1.3603099584579468,0.7811200022697449,342.4739990234375,158.38400268554688,17.99074935913086,9.638099670410156,3.727530002593994,9.263819694519043,1.2843600511550903,44.083091735839844,16.808849334716797,0.0,0.0,0.0,0.0,0.0,0.0,0.0,0.0,0.0,0.0,0.0,0.0,0.0,0.0,0.0,0.0,0.0,0.0,0.0,0.0,0.0,0.0,0.0,0.0,0.0,0.0,0.0,0.0,0.0,0.0,0.0,0.0,0.0,0.0,0.0,0.0,0.0,0.0,0.0,0,0,0,0,0,0,0,0,0,0,0,0,0,0,0,0,0,0,0,0,0,0,0,0,0,0,0,0,0,0,0,0,0,0,0,0,0,0,0
2026-03-10,0.9602100253105164,0.5498359799385071,111.56700134277344,1.1925400495529175,0.7068586349487305,116.16999816894531,1.8182599544525146,1.7463200092315674,202.89044189453125,1.6433700323104858,1.5783400535583496,0.9036300182342529,0.8653200268745422,183.35000610351562,11.134200096130371,1.959879994392395,10.619429588317871,1.1617234945297241,1.8989700078964233,1.8238199949264526,1.0439000129699707,211.8699951171875,2.2643001079559326,1.3424980640411377,0.8051400184631348,0.46059998869895935,93.54000091552734,0.5927084684371948,1.358739972114563,0.7778800129890442,333.239990234375,157.84800720214844,17.673099517822266,9.589859962463379,3.6530001163482666,9.141960144042969,1.2750799655914307,44.07979965209961,16.32908058166504,0.0,0.0,0.0,0.0,0.0,0.0,0.0,0.0,0.0,0.0,0.0,0.0,0.0,0.0,0.0,0.0,0.0,0.0,0.0,0.0,0.0,0.0,0.0,0.0,0.0,0.0,0.0,0.0,0.0,0.0,0.0,0.0,0.0,0.0,0.0,0.0,0.0,0.0,0.0,0.9697999954223633,0.5546820163726807,112.73600006103516,1.200369954109192,0.7153300642967224,116.59200286865234,1.821990966796875,1.7511800527572632,203.51028442382812,1.6456199884414673,1.5831600427627563,0.9046599864959717,0.8660500049591064,183.74600219726562,11.22881031036377,1.9658499956130981,10.64113998413086,1.1663848161697388,1.9020800590515137,1.8303899765014648,1.0456299781799316,212.38999938964844,2.2726199626922607,1.3481448888778687,0.8081499934196472,0.4622400104999542,93.98899841308594,0.5961891412734985,1.3601100444793701,0.778219997882843,333.8280029296875,157.95899963378906,17.694419860839844,9.637800216674805,3.6655399799346924,9.15923023223877,1.2761600017547607,44.0837516784668,16.37820053100586,0.9591000080108643,0.5486000180244446,111.2959976196289,1.190999984741211,0.705390214920044,115.8479995727539,1.8024510145187378,1.7446000576019287,202.62960815429688,1.6285500526428223,1.5751399993896484,0.9023000001907349,0.8641999959945679,183.05599975585938,11.128199577331543,1.9536000490188599,10.595829963684082,1.1608469486236572,1.8823399543762207,1.8199800252914429,1.0426000356674194,211.58900451660156,2.2583000659942627,1.3415075540542603,0.8027999997138977,0.45910000801086426,93.18000030517578,0.5908300876617432,1.354200005531311,0.7746000289916992,328.76800537109375,157.27699279785156,17.44985008239746,9.564249992370605,3.6387999057769775,9.098569869995117,1.2699999809265137,44.02647018432617,16.152299880981445,0.9601799845695496,0.5497450232505798,111.54399871826172,1.1923500299453735,0.706669807434082,116.14399719238281,1.8185460567474365,1.7466599941253662,202.89096069335938,1.6437100172042847,1.5784599781036377,0.9036700129508972,0.8653299808502197,183.36900329589844,11.145879745483398,1.9599699974060059,10.618000030517578,1.1616694927215576,1.8993500471115112,1.8238199949264526,1.0441499948501587,211.88900756835938,2.2649199962615967,1.3423900604248047,0.8051400184631348,0.4609299898147583,93.53399658203125,0.5926593542098999,1.3589999675750732,0.7779600024223328,333.7080078125,157.8560028076172,17.682289123535156,9.589810371398926,3.654979944229126,9.140950202941895,1.275089979171753,44.079898834228516,16.3287296295166,0.0,0.0,0.0,0.0,0.0,0.0,0.0,0.0,0.0,0.0,0.0,0.0,0.0,0.0,0.0,0.0,0.0,0.0,0.0,0.0,0.0,0.0,0.0,0.0,0.0,0.0,0.0,0.0,0.0,0.0,0.0,0.0,0.0,0.0,0.0,0.0,0.0,0.0,0.0,0,0,0,0,0,0,0,0,0,0,0,0,0,0,0,0,0,0,0,0,0,0,0,0,0,0,0,0,0,0,0,0,0,0,0,0,0,0,0
2026-03-11,0.966946005821228,0.5542809963226318,112.55699920654297,1.2016990184783936,0.712100088596344,116.39299774169922,1.8037519454956055,1.744230031967163,203.05418395996094,1.630810022354126,1.576949954032898,0.9039899706840515,0.8651900291442871,183.57699584960938,11.173199653625488,1.9597400426864624,10.637080192565918,1.1611299514770508,1.8847500085830688,1.8221999406814575,1.0447100400924683,212.15899658203125,2.2648398876190186,1.3419036865234375,0.8045290112495422,0.4610700011253357,93.6520004272461,0.5924416184425354,1.3582899570465088,0.778577983379364,332.739990234375,158.11399841308594,17.589780807495117,9.629599571228027,3.672290086746216,9.162229537963867,1.2730000019073486,44.088401794433594,16.281810760498047,0.0,0.0,0.0,0.0,0.0,0.0,0.0,0.0,0.0,0.0,0.0,0.0,0.0,0.0,0.0,0.0,0.0,0.0,0.0,0.0,0.0,0.0,0.0,0.0,0.0,0.0,0.0,0.0,0.0,0.0,0.0,0.0,0.0,0.0,0.0,0.0,0.0,0.0,0.0,0.9752900004386902,0.5594800114631653,113.947998046875,1.210610032081604,0.7184578776359558,116.8740005493164,1.80355703830719,1.7459700107574463,203.92300415039062,1.6305500268936157,1.5791699886322021,0.9046199917793274,0.8656499981880188,184.0679931640625,11.204079627990723,1.9608700275421143,10.675149917602539,1.164401888847351,1.884600043296814,1.82492995262146,1.0468699932098389,213.0469970703125,2.267590045928955,1.3457320928573608,0.8062930107116699,0.46239998936653137,94.17400360107422,0.59486985206604,1.3602700233459473,0.7805299758911133,335.3590087890625,158.83900451660156,17.675369262695312,9.650150299072266,3.6871800422668457,9.222410202026367,1.274549961090088,44.09682083129883,16.45509910583496,0.9667999744415283,0.5540000200271606,112.5469970703125,1.200600028038025,0.7118704319000244,116.28900146484375,1.7866710424423218,1.740820050239563,202.96188354492188,1.6129100322723389,1.5722999572753906,0.9011200070381165,0.8626000285148621,183.52699279785156,11.139399528503418,1.951490044593811,10.6326904296875,1.1566978693008423,1.8695600032806396,1.8183799982070923,1.0424200296401978,212.13099670410156,2.2607998847961426,1.3395847082138062,0.8029000163078308,0.460099995136261,93.64199829101562,0.5908594131469727,1.3553999662399292,0.7764999866485596,329.0450134277344,157.8699951171875,17.514400482177734,9.596170425415039,3.6552600860595703,9.134869575500488,1.2699999809265137,44.04909896850586,16.199199676513672,0.9671599864959717,0.5543599724769592,112.56500244140625,1.2017099857330322,0.7121898531913757,116.37999725341797,1.8033939599990845,1.744339942932129,203.01499938964844,1.6304700374603271,1.5769599676132202,0.9039899706840515,0.8651900291442871,183.55599975585938,11.176600456237793,1.9594299793243408,10.640460014343262,1.1613187789916992,1.8843899965286255,1.8225599527359009,1.0447100400924683,212.1490020751953,2.264699935913086,1.3421918153762817,0.8046000003814697,0.4612100124359131,93.65499877929688,0.5926382541656494,1.3581199645996094,0.7784900069236755,333.32000732421875,158.0679931640625,17.590299606323242,9.631170272827148,3.6717300415039062,9.162779808044434,1.2729899883270264,44.08742904663086,16.279329299926758,0.0,0.0,0.0,0.0,0.0,0.0,0.0,0.0,0.0,0.0,0.0,0.0,0.0,0.0,0.0,0.0,0.0,0.0,0.0,0.0,0.0,0.0,0.0,0.0,0.0,0.0,0.0,0.0,0.0,0.0,0.0,0.0,0.0,0.0,0.0,0.0,0.0,0.0,0.0,0,0,0,0,0,0,0,0,0,0,0,0,0,0,0,0,0,0,0,0,0,0,0,0,0,0,0,0,0,0,0,0,0,0,0,0,0,0,0
2026-03-12,0.9696369767189026,0.5572299957275391,113.40299987792969,1.2091799974441528,0.7129209637641907,116.9489974975586,1.7940119504928589,1.7396700382232666,203.46099853515625,1.618980050086975,1.5697300434112549,0.9023200273513794,0.8626000285148621,183.61900329589844,11.155599594116211,1.9578200578689575,10.65958023071289,1.1543211936950684,1.876979947090149,1.8200900554656982,1.046049952507019,212.87100219726562,2.2698099613189697,1.338186502456665,0.8016999959945679,0.46074000000953674,93.76300048828125,0.5895600914955139,1.3601700067520142,0.7817400097846985,334.82598876953125,159.0749969482422,17.744600296020508,9.665249824523926,3.675869941711426,9.236920356750488,1.27606999874115,44.0984001159668,16.57607078552246,0.0,0.0,0.0,0.0,0.0,0.0,0.0,0.0,0.0,0.0,0.0,0.0,0.0,0.0,0.0,0.0,0.0,0.0,0.0,0.0,0.0,0.0,0.0,0.0,0.0,0.0,0.0,0.0,0.0,0.0,0.0,0.0,0.0,0.0,0.0,0.0,0.0,0.0,0.0,0.9722499847412109,0.559112012386322,113.72599792480469,1.2108500003814697,0.7161097526550293,117.0989990234375,1.8018989562988281,1.7418500185012817,203.65367126464844,1.62785005569458,1.5716999769210815,0.9038400053977966,0.8636500239372253,183.71299743652344,11.188529968261719,1.9661500453948975,10.7631196975708,1.156738042831421,1.886489987373352,1.8220000267028809,1.0475300550460815,212.99899291992188,2.2783000469207764,1.3409498929977417,0.8029999732971191,0.4622099995613098,93.93900299072266,0.5914605259895325,1.3632800579071045,0.7850300073623657,339.3139953613281,159.28399658203125,17.88896942138672,9.691410064697266,3.7094099521636963,9.34961986541748,1.2788300514221191,44.11471939086914,16.788700103759766,0.9636800289154053,0.5548290014266968,112.63300323486328,1.205199956893921,0.7073701620101929,116.68000030517578,1.787310004234314,1.7351100444793701,202.88059997558594,1.6136000156402588,1.566640019416809,0.9018200039863586,0.8617500066757202,183.23500061035156,11.130459785461426,1.9524999856948853,10.656240463256836,1.151145339012146,1.8707599639892578,1.8157000541687012,1.0443999767303467,212.41600036621094,2.2627999782562256,1.3341693878173828,0.7976800203323364,0.459199994802475,93.24400329589844,0.5856412649154663,1.3574999570846558,0.7800999879837036,334.2900085449219,158.572998046875,17.68021011352539,9.644149780273438,3.6786699295043945,9.237409591674805,1.2736999988555908,44.08287048339844,16.478099822998047,0.9694200158119202,0.5573469996452332,113.4000015258789,1.209149956703186,0.7128300070762634,116.95099639892578,1.7937860488891602,1.739490032196045,203.45310974121094,1.6189700365066528,1.5696899890899658,0.9023799896240234,0.8625199794769287,183.61000061035156,11.156599998474121,1.9570000171661377,10.656439781188965,1.1541746854782104,1.8768399953842163,1.8196500539779663,1.046090006828308,212.8679962158203,2.269659996032715,1.3380612134933472,0.8016200065612793,0.4607999920845032,93.76699829101562,0.5895287990570068,1.360319972038269,0.7818599939346313,335.04901123046875,159.09300231933594,17.749799728393555,9.66664981842041,3.6799299716949463,9.237409591674805,1.2761399745941162,44.097599029541016,16.58036994934082,0.0,0.0,0.0,0.0,0.0,0.0,0.0,0.0,0.0,0.0,0.0,0.0,0.0,0.0,0.0,0.0,0.0,0.0,0.0,0.0,0.0,0.0,0.0,0.0,0.0,0.0,0.0,0.0,0.0,0.0,0.0,0.0,0.0,0.0,0.0,0.0,0.0,0.0,0.0,0,0,0,0,0,0,0,0,0,0,0,0,0,0,0,0,0,0,0,0,0,0,0,0,0,0,0,0,0,0,0,0,0,0,0,0,0,0,0
2026-03-13,0.964460015296936,0.555649995803833,112.63400268554688,1.2086999416351318,0.7075298428535461,116.76899719238281,1.7993700504302979,1.7356200218200684,202.66900634765625,1.628250002861023,1.5706000328063965,0.9047799706459045,0.862820029258728,183.4290008544922,11.155400276184082,1.968269944190979,10.764470100402832,1.1521666049957275,1.886970043182373,1.820180058479309,1.0484999418258667,212.56100463867188,2.281100034713745,1.335250735282898,0.7978159785270691,0.45954999327659607,93.16600036621094,0.5852998495101929,1.36326003074646,0.7853400111198425,339.31201171875,159.20599365234375,17.834299087524414,9.688199996948242,3.702660083770752,9.34302043914795,1.278480052947998,44.18539810180664,16.756179809570312,0.0,0.0,0.0,0.0,0.0,0.0,0.0,0.0,0.0,0.0,0.0,0.0,0.0,0.0,0.0,0.0,0.0,0.0,0.0,0.0,0.0,0.0,0.0,0.0,0.0,0.0,0.0,0.0,0.0,0.0,0.0,0.0,0.0,0.0,0.0,0.0,0.0,0.0,0.0,0.9667779803276062,0.5569189786911011,112.87699890136719,1.211940050125122,0.7093204259872437,116.97200012207031,1.8078609704971313,1.7430499792099,202.75599670410156,1.6339900493621826,1.5745699405670166,0.9053999781608582,0.8653299808502197,183.57899475097656,11.189299583435059,1.9766299724578857,10.79502010345459,1.152923822402954,1.89205002784729,1.821120023727417,1.0498700141906738,212.79986572265625,2.290450096130371,1.3369699716567993,0.7998200058937073,0.46007001399993896,93.25199890136719,0.5862386226654053,1.3736000061035156,0.789870023727417,344.47100830078125,159.63099670410156,17.94413948059082,9.772310256958008,3.7410199642181396,9.43655014038086,1.2825900316238403,44.200401306152344,16.948200225830078,0.9587000012397766,0.553039014339447,111.73899841308594,1.2067999839782715,0.7003399133682251,116.11499786376953,1.794044017791748,1.7309499979019165,201.97103881835938,1.6251699924468994,1.5621099472045898,0.9021700024604797,0.862060010433197,182.33900451660156,11.12909984588623,1.965399980545044,10.73009967803955,1.1434844732284546,1.879889965057373,1.8104000091552734,1.0433000326156616,211.13499450683594,2.272860050201416,1.323364019393921,0.7926999926567078,0.45730000734329224,92.53800201416016,0.580329179763794,1.361899971961975,0.784500002861023,339.010986328125,159.00399780273438,17.74995994567871,9.685779571533203,3.7019200325012207,9.334989547729492,1.2770999670028687,44.17620086669922,16.714099884033203,0.9642800092697144,0.5556399822235107,112.65399932861328,1.2087600231170654,0.7076299786567688,116.80500030517578,1.799111008644104,1.7352700233459473,202.68499755859375,1.628059983253479,1.57014000415802,0.9047799706459045,0.8628399968147278,183.43899536132812,11.15470027923584,1.9680500030517578,10.766260147094727,1.1522197723388672,1.886780023574829,1.8195799589157104,1.048490047454834,212.56900024414062,2.2808899879455566,1.3352383375167847,0.7975599765777588,0.45958998799324036,93.17900085449219,0.585411548614502,1.3629399538040161,0.7853299975395203,339.656005859375,159.2100067138672,17.83650016784668,9.687399864196777,3.7039599418640137,9.343899726867676,1.278439998626709,44.185298919677734,16.76059913635254,0.0,0.0,0.0,0.0,0.0,0.0,0.0,0.0,0.0,0.0,0.0,0.0,0.0,0.0,0.0,0.0,0.0,0.0,0.0,0.0,0.0,0.0,0.0,0.0,0.0,0.0,0.0,0.0,0.0,0.0,0.0,0.0,0.0,0.0,0.0,0.0,0.0,0.0,0.0,0,0,0,0,0,0,0,0,0,0,0,0,0,0,0,0,0,0,0,0,0,0,0,0,0,0,0,0,0,0,0,0,0,0,0,0,0,0,0
2026-03-16,0.9605299830436707,0.5533599853515625,111.78099822998047,1.2083899974822998,0.7005700469017029,116.36399841308594,1.8066190481185913,1.7354899644851685,201.97132873535156,1.6321099996566772,1.567829966545105,0.9032300114631653,0.8631299734115601,182.45799255371094,11.157899856567383,1.9723700284957886,10.800270080566406,1.1435105800628662,1.8907099962234497,1.8162399530410767,1.0463500022888184,211.3699951171875,2.2848899364471436,1.3247665166854858,0.7947099804878235,0.4578399956226349,92.48899841308594,0.5797303318977356,1.3711700439453125,0.7899199724197388,342.14801025390625,159.5679931640625,17.886369705200195,9.760669708251953,3.7314600944519043,9.446920394897461,1.2823699712753296,44.17097091674805,16.8702392578125,0.0,0.0,0.0,0.0,0.0,0.0,0.0,0.0,0.0,0.0,0.0,0.0,0.0,0.0,0.0,0.0,0.0,0.0,0.0,0.0,0.0,0.0,0.0,0.0,0.0,0.0,0.0,0.0,0.0,0.0,0.0,0.0,0.0,0.0,0.0,0.0,0.0,0.0,0.0,0.9662399888038635,0.5570780038833618,112.43399810791016,1.209089994430542,0.7075799107551575,116.48799896240234,1.8086450099945068,1.7388099431991577,202.20399475097656,1.6347800493240356,1.5723600387573242,0.9062100052833557,0.8649200201034546,183.0030059814453,11.17035961151123,1.9736000299453735,10.80403995513916,1.1501259803771973,1.8929599523544312,1.8206299543380737,1.049430012702942,211.8990020751953,2.28548002243042,1.3316465616226196,0.8004390001296997,0.4612500071525574,93.15499877929688,0.5858299732208252,1.3722399473190308,0.7922000288963318,344.00799560546875,159.62100219726562,17.894079208374023,9.76449966430664,3.7406699657440186,9.458359718322754,1.2826800346374512,44.1973991394043,16.89620018005371,0.9595400094985962,0.5525000095367432,111.59600067138672,1.204699993133545,0.6997900605201721,116.0469970703125,1.7937220335006714,1.7307499647140503,201.1023712158203,1.6251300573349,1.5655399560928345,0.9031000137329102,0.8624619841575623,181.8699951171875,11.1225004196167,1.9624300003051758,10.740309715270996,1.1415655612945557,1.8809000253677368,1.8141000270843506,1.0449999570846558,210.8090057373047,2.2706000804901123,1.3232413530349731,0.7946000099182129,0.45750001072883606,92.39800262451172,0.5796698331832886,1.3653199672698975,0.7868000268936157,338.364990234375,158.85400390625,17.731199264526367,9.675149917602539,3.705899953842163,9.34000015258789,1.2769999504089355,44.128658294677734,16.70039939880371,0.9607300162315369,0.5534579753875732,111.7750015258789,1.2085399627685547,0.700790524482727,116.33300018310547,1.8064099550247192,1.7356799840927124,201.9239959716797,1.632040023803711,1.5680899620056152,0.9033300280570984,0.8632400035858154,182.44200134277344,11.161800384521484,1.9724400043487549,10.803790092468262,1.1438244581222534,1.8905500173568726,1.8164000511169434,1.0463500022888184,211.33099365234375,2.284749984741211,1.3249244689941406,0.7948399782180786,0.45785999298095703,92.4749984741211,0.5798614025115967,1.3710500001907349,0.7898399829864502,342.177001953125,159.51199340820312,17.880050659179688,9.76449966430664,3.733370065689087,9.445779800415039,1.282099962234497,44.17412185668945,16.871179580688477,0.0,0.0,0.0,0.0,0.0,0.0,0.0,0.0,0.0,0.0,0.0,0.0,0.0,0.0,0.0,0.0,0.0,0.0,0.0,0.0,0.0,0.0,0.0,0.0,0.0,0.0,0.0,0.0,0.0,0.0,0.0,0.0,0.0,0.0,0.0,0.0,0.0,0.0,0.0,0,0,0,0,0,0,0,0,0,0,0,0,0,0,0,0,0,0,0,0,0,0,0,0,0,0,0,0,0,0,0,0,0,0,0,0,0,0,0
2026-03-17,0.9672600030899048,0.5569700002670288,112.447998046875,1.2074320316314697,0.706848680973053,116.24400329589844,1.7949399948120117,1.73635995388031,201.86793518066406,1.6267499923706055,1.57368004322052,0.9061700105667114,0.8636299967765808,182.9499969482422,11.124059677124023,1.9643900394439697,10.72896957397461,1.1499539613723755,1.8835300207138062,1.822029948234558,1.0491600036621094,211.82200622558594,2.273699998855591,1.3314337730407715,0.8009330034255981,0.46120598912239075,93.1109390258789,0.5853704214096069,1.368399977684021,0.7880499958992004,339.427001953125,159.10499572753906,17.6835994720459,9.673190116882324,3.7044999599456787,9.333459854125977,1.2782299518585205,44.18349838256836,16.669099807739258,0.0,0.0,0.0,0.0,0.0,0.0,0.0,0.0,0.0,0.0,0.0,0.0,0.0,0.0,0.0,0.0,0.0,0.0,0.0,0.0,0.0,0.0,0.0,0.0,0.0,0.0,0.0,0.0,0.0,0.0,0.0,0.0,0.0,0.0,0.0,0.0,0.0,0.0,0.0,0.9747899770736694,0.5594840049743652,113.06199645996094,1.2148499488830566,0.7118998169898987,116.50299835205078,1.799340009689331,1.7457599639892578,202.46224975585938,1.6306899785995483,1.5814499855041504,0.9071000218391418,0.8644999861717224,183.37600708007812,11.130109786987305,1.974310040473938,10.763259887695312,1.15421462059021,1.88742995262146,1.8307000398635864,1.0499299764633179,212.25999450683594,2.2855899333953857,1.3358982801437378,0.8029900193214417,0.46168801188468933,93.2979965209961,0.5865206122398376,1.371940016746521,0.7899799942970276,341.24798583984375,159.48699951171875,17.735139846801758,9.698149681091309,3.7288401126861572,9.382349967956543,1.2798399925231934,44.20835876464844,16.766700744628906,0.964900016784668,0.5556390285491943,112.29499816894531,1.2059979438781738,0.7050694227218628,115.91100311279297,1.785714030265808,1.733106017112732,201.7899932861328,1.621000051498413,1.570449948310852,0.9050400257110596,0.8631200194358826,182.8260040283203,11.05543041229248,1.9629000425338745,10.683629989624023,1.146696925163269,1.8756099939346313,1.8178999423980713,1.0477299690246582,211.63400268554688,2.27239990234375,1.3274219036102295,0.7964000105857849,0.4580000042915344,92.61499786376953,0.5817999243736267,1.3680000305175781,0.7853000164031982,336.0159912109375,158.72500610351562,17.603300094604492,9.584850311279297,3.6870999336242676,9.260600090026855,1.2756999731063843,44.16999816894531,16.601730346679688,0.9670799970626831,0.5568600296974182,112.44000244140625,1.2072910070419312,0.7069001197814941,116.25700378417969,1.79523503780365,1.736299991607666,201.8750762939453,1.6270500421524048,1.5736199617385864,0.9061300158500671,0.863610029220581,182.96099853515625,11.123929977416992,1.9642900228500366,10.732150077819824,1.1497821807861328,1.883810043334961,1.821969985961914,1.0491000413894653,211.82000732421875,2.274590015411377,1.3312742710113525,0.8008739948272705,0.46114999055862427,93.11599731445312,0.585260808467865,1.3687299489974976,0.7881699800491333,339.1000061035156,159.13900756835938,17.697799682617188,9.675149917602539,3.706860065460205,9.336600303649902,1.2783000469207764,44.17210006713867,16.67099952697754,0.0,0.0,0.0,0.0,0.0,0.0,0.0,0.0,0.0,0.0,0.0,0.0,0.0,0.0,0.0,0.0,0.0,0.0,0.0,0.0,0.0,0.0,0.0,0.0,0.0,0.0,0.0,0.0,0.0,0.0,0.0,0.0,0.0,0.0,0.0,0.0,0.0,0.0,0.0,0,0,0,0,0,0,0,0,0,0,0,0,0,0,0,0,0,0,0,0,0,0,0,0,0,0,0,0,0,0,0,0,0,0,0,0,0,0,0
2026-03-18,0.973226010799408,0.5579000115394592,112.947998046875,1.213379979133606,0.710909903049469,116.06600189208984,1.7913119792938232,1.7435100078582764,202.4320068359375,1.6230100393295288,1.5796600580215454,0.9057400226593018,0.8637599945068359,183.36399841308594,11.05659008026123,1.9693700075149536,10.699250221252441,1.153948187828064,1.8788100481033325,1.8284900188446045,1.0482800006866455,212.23699951171875,2.2792999744415283,1.335951805114746,0.8015999794006348,0.45980000495910645,93.0770034790039,0.585919201374054,1.3689500093460083,0.7847700119018555,336.0580139160156,158.88900756835938,17.65298080444336,9.581290245056152,3.6897900104522705,9.272809982299805,1.2762000560760498,44.21540069580078,16.67259979248047,0.0,0.0,0.0,0.0,0.0,0.0,0.0,0.0,0.0,0.0,0.0,0.0,0.0,0.0,0.0,0.0,0.0,0.0,0.0,0.0,0.0,0.0,0.0,0.0,0.0,0.0,0.0,0.0,0.0,0.0,0.0,0.0,0.0,0.0,0.0,0.0,0.0,0.0,0.0,0.9760839939117432,0.5594760179519653,113.20600128173828,1.2143000364303589,0.7122897505760193,116.4530029296875,1.7982699871063232,1.7455099821090698,202.66600036621094,1.6309900283813477,1.5826400518417358,0.9085900187492371,0.8650100231170654,183.76100158691406,11.078829765319824,1.976789951324463,10.780179977416992,1.1556684970855713,1.8878899812698364,1.8327499628067017,1.05131995677948,212.6020050048828,2.288409948348999,1.3376137018203735,0.804610013961792,0.4610700011253357,93.26100158691406,0.5873404741287231,1.3722399473190308,0.7892600297927856,342.27301025390625,159.5659942626953,17.753469467163086,9.602470397949219,3.7169198989868164,9.377650260925293,1.2815799713134766,44.21984100341797,16.902910232543945,0.9666600227355957,0.5555999875068665,112.4530029296875,1.2102999687194824,0.7048398852348328,115.71700286865234,1.785714030265808,1.7354799509048462,201.85748291015625,1.620069980621338,1.576200008392334,0.905460000038147,0.8628399968147278,182.98399353027344,10.996600151062012,1.96589994430542,10.686739921569824,1.1492536067962646,1.8759599924087524,1.8237799406051636,1.0479400157928467,211.96099853515625,2.276599884033203,1.3306366205215454,0.7974900007247925,0.45820000767707825,92.76599884033203,0.5815407037734985,1.3686000108718872,0.7844600081443787,335.3599853515625,158.56700134277344,17.590499877929688,9.557649612426758,3.683799982070923,9.259499549865723,1.2750999927520752,44.188438415527344,16.573200225830078,0.9729999899864197,0.5578600168228149,112.93900299072266,1.2132500410079956,0.7108199596405029,116.05599975585938,1.7920830249786377,1.7438600063323975,202.45599365234375,1.6230800151824951,1.5794800519943237,0.9055100083351135,0.8637300133705139,183.35699462890625,11.056859970092773,1.9693100452423096,10.687450408935547,1.1539082527160645,1.8789700269699097,1.8285599946975708,1.048200011253357,212.2239990234375,2.2797300815582275,1.3357912302017212,0.8018900156021118,0.4597100019454956,93.08100128173828,0.5858398675918579,1.369070053100586,0.7847899794578552,336.2860107421875,158.88999938964844,17.652870178222656,9.582690238952637,3.690340042114258,9.270350456237793,1.2757999897003174,44.21310043334961,16.673389434814453,0.0,0.0,0.0,0.0,0.0,0.0,0.0,0.0,0.0,0.0,0.0,0.0,0.0,0.0,0.0,0.0,0.0,0.0,0.0,0.0,0.0,0.0,0.0,0.0,0.0,0.0,0.0,0.0,0.0,0.0,0.0,0.0,0.0,0.0,0.0,0.0,0.0,0.0,0.0,0,0,0,0,0,0,0,0,0,0,0,0,0,0,0,0,0,0,0,0,0,0,0,0,0,0,0,0,0,0,0,0,0,0,0,0,0,0,0
2026-03-19,0.9648200273513794,0.5570899844169617,112.31099700927734,1.2128900289535522,0.7029501795768738,116.39800262451172,1.7944300174713135,1.7318400144577026,201.59500122070312,1.6307300329208374,1.573830008506775,0.9086300134658813,0.8641700148582458,183.1699981689453,11.006440162658691,1.9777400493621826,10.773530006408691,1.1464471817016602,1.8868900537490845,1.8211400508880615,1.0513700246810913,211.94000244140625,2.2886099815368652,1.32650625705719,0.7955049872398376,0.45923998951911926,92.59200286865234,0.5795589685440063,1.372939944267273,0.7926300168037415,342.1919860839844,159.7949981689453,17.842899322509766,9.600549697875977,3.726799964904785,9.397870063781738,1.2833199501037598,44.319000244140625,16.964399337768555,0.0,0.0,0.0,0.0,0.0,0.0,0.0,0.0,0.0,0.0,0.0,0.0,0.0,0.0,0.0,0.0,0.0,0.0,0.0,0.0,0.0,0.0,0.0,0.0,0.0,0.0,0.0,0.0,0.0,0.0,0.0,0.0,0.0,0.0,0.0,0.0,0.0,0.0,0.0,0.9695529937744141,0.5610479712486267,112.59700012207031,1.213189959526062,0.7062501311302185,116.49099731445312,1.7990139722824097,1.736199975013733,201.77200317382812,1.640910029411316,1.5822900533676147,0.9127799868583679,0.8648099899291992,183.41000366210938,11.010530471801758,1.9806100130081177,10.81326961517334,1.1536552906036377,1.8994200229644775,1.837090015411377,1.059149980545044,212.33700561523438,2.292289972305298,1.3388315439224243,0.8024269938468933,0.4628799855709076,93.00599670410156,0.5850399136543274,1.3747299909591675,0.7957199811935425,344.7149963378906,159.8159942626953,17.95639991760254,9.60004997253418,3.740070104598999,9.424860000610352,1.2842400074005127,44.32164001464844,17.087560653686523,0.9609699845314026,0.555649995803833,111.1719970703125,1.2059999704360962,0.7000800967216492,115.26499938964844,1.7812609672546387,1.7260700464248657,199.57481384277344,1.6258000135421753,1.5719799995422363,0.9069399833679199,0.8611000180244446,182.07000732421875,10.934200286865234,1.9692399501800537,10.754249572753906,1.144505262374878,1.8816900253295898,1.818600058555603,1.049299955368042,210.83799743652344,2.278899908065796,1.3249069452285767,0.7953199744224548,0.459199994802475,92.12699890136719,0.5794783234596252,1.370669960975647,0.7903800010681152,338.59100341796875,158.07400512695312,17.77549934387207,9.50197982788086,3.7013399600982666,9.328450202941895,1.2796399593353271,44.302459716796875,16.828340530395508,0.9650700092315674,0.5571399927139282,112.3219985961914,1.2120000123977661,0.7029101252555847,116.4000015258789,1.7942689657211304,1.7318400144577026,201.58200073242188,1.6305999755859375,1.5736299753189087,0.9086599946022034,0.8641499876976013,183.19400024414062,11.000699996948242,1.9780199527740479,10.773670196533203,1.1462894678115845,1.88687002658844,1.8208500146865845,1.0513399839401245,211.96200561523438,2.28875994682312,1.326435923576355,0.7953199744224548,0.4592199921607971,92.58999633789062,0.5794783234596252,1.3730900287628174,0.792739987373352,342.5889892578125,159.8159942626953,17.85569953918457,9.59784984588623,3.72760009765625,9.398260116577148,1.2834800481796265,44.31439971923828,16.967710494995117,0.0,0.0,0.0,0.0,0.0,0.0,0.0,0.0,0.0,0.0,0.0,0.0,0.0,0.0,0.0,0.0,0.0,0.0,0.0,0.0,0.0,0.0,0.0,0.0,0.0,0.0,0.0,0.0,0.0,0.0,0.0,0.0,0.0,0.0,0.0,0.0,0.0,0.0,0.0,0,0,0,0,0,0,0,0,0,0,0,0,0,0,0,0,0,0,0,0,0,0,0,0,0,0,0,0,0,0,0,0,0,0,0,0,0,0,0
2026-03-20,0.9724299907684326,0.5585730075836182,111.81500244140625,1.2067300081253052,0.708109974861145,114.95999908447266,1.78997004032135,1.7410600185394287,200.174072265625,1.6348600387573242,1.5900499820709229,0.9132000207901001,0.8622900247573853,182.822998046875,10.976200103759766,1.972790002822876,10.751629829406738,1.157755732536316,1.8958100080490112,1.8440500497817993,1.0589799880981445,212.01300048828125,2.287790060043335,1.342570185661316,0.8057500123977661,0.46276000142097473,92.64900207519531,0.5868303775787354,1.373579978942871,0.7886999845504761,336.4880065917969,157.9239959716797,17.738100051879883,9.490050315856934,3.681459903717041,9.287039756774902,1.277500033378601,44.3036994934082,16.722700119018555,0.0,0.0,0.0,0.0,0.0,0.0,0.0,0.0,0.0,0.0,0.0,0.0,0.0,0.0,0.0,0.0,0.0,0.0,0.0,0.0,0.0,0.0,0.0,0.0,0.0,0.0,0.0,0.0,0.0,0.0,0.0,0.0,0.0,0.0,0.0,0.0,0.0,0.0,0.0,0.9740099906921387,0.5600630044937134,112.3740005493164,1.2067400217056274,0.7097080945968628,115.99800109863281,1.802029013633728,1.745169997215271,201.85800170898438,1.6413899660110474,1.5905200242996216,0.9133399724960327,0.8677099943161011,183.85400390625,11.064200401306152,1.9777799844741821,10.821040153503418,1.1581177711486816,1.8968600034713745,1.8443900346755981,1.0600199699401855,212.75,2.2873001098632812,1.3436344861984253,0.8088799715042114,0.46487000584602356,93.28399658203125,0.5892091989517212,1.3746600151062012,0.7903299927711487,342.135009765625,159.2570037841797,17.953310012817383,9.585049629211426,3.715019941329956,9.388930320739746,1.282639980316162,44.3189811706543,17.06300926208496,0.9649099707603455,0.5547000169754028,111.64700317382812,1.2027000188827515,0.7027900815010071,114.83999633789062,1.784440040588379,1.7366199493408203,200.09255981445312,1.6292099952697754,1.5820200443267822,0.9091299772262573,0.86149001121521,182.58799743652344,10.97070026397705,1.9630999565124512,10.73147964477539,1.1526447534561157,1.8895000219345093,1.826509952545166,1.0494699478149414,211.76600646972656,2.276599884033203,1.3302825689315796,0.8004199862480164,0.4602999985218048,92.65399932861328,0.5831992030143738,1.3699899911880493,0.7856000065803528,336.3269958496094,157.73699951171875,17.700599670410156,9.481849670410156,3.6828999519348145,9.27614974975586,1.2769999504089355,44.256500244140625,16.710100173950195,0.9724500179290771,0.5583930015563965,111.7979965209961,1.2064000368118286,0.7080999612808228,114.94400024414062,1.7898370027542114,1.7409499883651733,200.13465881347656,1.634850025177002,1.5899699926376343,0.9132500290870667,0.862280011177063,182.79299926757812,10.977499961853027,1.9720799922943115,10.754420280456543,1.1575682163238525,1.8958200216293335,1.8437800407409668,1.0589699745178223,211.968994140625,2.2873001098632812,1.3424620628356934,0.8059499859809875,0.4628799855709076,92.65399932861328,0.5868716835975647,1.3737200498580933,0.7889800071716309,337.02899169921875,157.9149932861328,17.74176025390625,9.490050315856934,3.684570074081421,9.289959907531738,1.2778500318527222,44.303199768066406,16.724679946899414,0.0,0.0,0.0,0.0,0.0,0.0,0.0,0.0,0.0,0.0,0.0,0.0,0.0,0.0,0.0,0.0,0.0,0.0,0.0,0.0,0.0,0.0,0.0,0.0,0.0,0.0,0.0,0.0,0.0,0.0,0.0,0.0,0.0,0.0,0.0,0.0,0.0,0.0,0.0,0,0,0,0,0,0,0,0,0,0,0,0,0,0,0,0,0,0,0,0,0,0,0,0,0,0,0,0,0,0,0,0,0,0,0,0,0,0,0
2026-03-23,0.9605500102043152,0.5520859956741333,111.58100128173828,1.2017799615859985,0.7007802128791809,116.125,1.810979962348938,1.7399300336837769,202.0880889892578,1.6495000123977661,1.5848300457000732,0.9107300043106079,0.8671000003814697,184.07200622558594,11.057700157165527,1.982450008392334,10.801790237426758,1.1560158729553223,1.902109980583191,1.8275699615478516,1.0501999855041504,212.25999450683594,2.2862401008605957,1.3331555128097534,0.799239993095398,0.4592599868774414,92.8290023803711,0.5831209421157837,1.3709800243377686,0.7878199815750122,338.8009948730469,159.23399353027344,17.938600540161133,9.566550254821777,3.6911299228668213,9.342849731445312,1.2819700241088867,44.29280090332031,17.07794952392578,0.0,0.0,0.0,0.0,0.0,0.0,0.0,0.0,0.0,0.0,0.0,0.0,0.0,0.0,0.0,0.0,0.0,0.0,0.0,0.0,0.0,0.0,0.0,0.0,0.0,0.0,0.0,0.0,0.0,0.0,0.0,0.0,0.0,0.0,0.0,0.0,0.0,0.0,0.0,0.9662100076675415,0.5551000237464905,111.7509994506836,1.2045400142669678,0.7059001326560974,116.38700103759766,1.823287010192871,1.7468299865722656,202.3553009033203,1.66211998462677,1.5928699970245361,0.9142199754714966,0.8678399920463562,184.32000732421875,11.31760025024414,1.9934099912643433,10.903670310974121,1.1637920141220093,1.9190399646759033,1.8431700468063354,1.0570199489593506,213.29100036621094,2.3013899326324463,1.347636342048645,0.8059499859809875,0.4615499973297119,93.17500305175781,0.5886196494102478,1.3754099607467651,0.7938899993896484,344.0060119628906,159.64999389648438,18.08209991455078,9.774580001831055,3.7344799041748047,9.494199752807617,1.2864700555801392,44.332088470458984,17.24489974975586,0.9504899978637695,0.5482000112533569,110.28199768066406,1.1969200372695923,0.6911499500274658,115.48300170898438,1.800827980041504,1.7316800355911255,200.56199645996094,1.6463899612426758,1.5792200565338135,0.909280002117157,0.8632000088691711,183.2830047607422,11.054200172424316,1.9752000570297241,10.775099754333496,1.1485011577606201,1.9012500047683716,1.8230299949645996,1.0485999584197998,211.60400390625,2.2842700481414795,1.3259961605072021,0.7922999858856201,0.4564000070095062,91.9520034790039,0.5763887763023376,1.3669899702072144,0.7837700247764587,332.42498779296875,158.22500610351562,17.691099166870117,9.565600395202637,3.653599977493286,9.269350051879883,1.2730799913406372,44.28620147705078,16.670799255371094,0.9610000252723694,0.5522099733352661,111.5739974975586,1.201799988746643,0.7012101411819458,116.0790023803711,1.8101840019226074,1.7401299476623535,201.9949951171875,1.6490000486373901,1.5850000381469727,0.9107699990272522,0.867169976234436,184.01199340820312,11.060999870300293,1.9818999767303467,10.80408000946045,1.156376838684082,1.9014500379562378,1.8275099992752075,1.0501400232315063,212.18899536132812,2.2855100631713867,1.3334755897521973,0.7994700074195862,0.45941001176834106,92.81999969482422,0.583450973033905,1.3707900047302246,0.7876399755477905,339.2279968261719,159.13999938964844,17.926679611206055,9.574179649353027,3.6933400630950928,9.343700408935547,1.2815699577331543,44.30208969116211,17.071800231933594,0.0,0.0,0.0,0.0,0.0,0.0,0.0,0.0,0.0,0.0,0.0,0.0,0.0,0.0,0.0,0.0,0.0,0.0,0.0,0.0,0.0,0.0,0.0,0.0,0.0,0.0,0.0,0.0,0.0,0.0,0.0,0.0,0.0,0.0,0.0,0.0,0.0,0.0,0.0,0,0,0,0,0,0,0,0,0,0,0,0,0,0,0,0,0,0,0,0,0,0,0,0,0,0,0,0,0,0,0,0,0,0,0,0,0,0,0
2026-03-24,0.961929976940155,0.5511000156402588,111.01000213623047,1.1959999799728394,0.7006098031997681,115.40499877929688,1.8141579627990723,1.7451900243759155,201.4199981689453,1.656690001487732,1.5937199592590332,0.913070023059845,0.8645899891853333,183.92999267578125,11.303999900817871,1.9828799962997437,10.827699661254883,1.1607122421264648,1.9159879684448242,1.8428599834442139,1.0559799671173096,212.73599243164062,2.293100118637085,1.342426061630249,0.8035600185394287,0.46035000681877136,92.74099731445312,0.5853601694107056,1.3730700016021729,0.7864000201225281,333.5539855957031,158.47900390625,17.783649444580078,9.728249549865723,3.6632800102233887,9.328149795532227,1.275189995765686,44.338600158691406,16.833229064941406,0.0,0.0,0.0,0.0,0.0,0.0,0.0,0.0,0.0,0.0,0.0,0.0,0.0,0.0,0.0,0.0,0.0,0.0,0.0,0.0,0.0,0.0,0.0,0.0,0.0,0.0,0.0,0.0,0.0,0.0,0.0,0.0,0.0,0.0,0.0,0.0,0.0,0.0,0.0,0.9622799754142761,0.5515429973602295,111.05999755859375,1.1975200176239014,0.7011698484420776,115.62999725341797,1.8260170221328735,1.7479599714279175,201.74554443359375,1.6662299633026123,1.5952500104904175,0.9167299866676331,0.8657100200653076,184.07699584960938,11.33926010131836,1.9914799928665161,10.863080024719238,1.1616560220718384,1.9266400337219238,1.8453199863433838,1.0598599910736084,212.96200561523438,2.301500082015991,1.3444112539291382,0.804099977016449,0.46118998527526855,92.8010025024414,0.5859913229942322,1.3766100406646729,0.7915899753570557,338.385009765625,158.93699645996094,17.898700714111328,9.790650367736816,3.694890022277832,9.38267993927002,1.2807799577713013,44.37310028076172,17.100900650024414,0.9548799991607666,0.5472000241279602,110.36000061035156,1.1929999589920044,0.6946200132369995,115.26300048828125,1.8123819828033447,1.737339973449707,200.59938049316406,1.6562399864196777,1.5904799699783325,0.9117000102996826,0.8637800216674805,183.63600158691406,11.196499824523926,1.982100009918213,10.773699760437012,1.1569254398345947,1.915560007095337,1.8375200033187866,1.0530500411987305,212.2949981689453,2.2922000885009766,1.3367732763290405,0.7992100119590759,0.45730000734329224,92.30000305175781,0.5813885927200317,1.3726799488067627,0.7861300110816956,333.0150146484375,158.40899658203125,17.776540756225586,9.651659965515137,3.6630699634552,9.286250114440918,1.2751400470733643,44.33039855957031,16.792499542236328,0.9617000222206116,0.5512400269508362,111.05999755859375,1.1969499588012695,0.700799822807312,115.42500305175781,1.8136969804763794,1.745110034942627,201.45303344726562,1.6562399864196777,1.593690037727356,0.9131100177764893,0.864549994468689,183.96499633789062,11.291399955749512,1.9822900295257568,10.828399658203125,1.160779595375061,1.915560007095337,1.8429700136184692,1.0560799837112427,212.77099609375,2.2931699752807617,1.342570185661316,0.8035899996757507,0.46042001247406006,92.76799774169922,0.585490345954895,1.372979998588562,0.7866399884223938,333.1130065917969,158.49000549316406,17.780630111694336,9.727270126342773,3.663870096206665,9.328700065612793,1.2751400470733643,44.33869934082031,16.822229385375977,0.0,0.0,0.0,0.0,0.0,0.0,0.0,0.0,0.0,0.0,0.0,0.0,0.0,0.0,0.0,0.0,0.0,0.0,0.0,0.0,0.0,0.0,0.0,0.0,0.0,0.0,0.0,0.0,0.0,0.0,0.0,0.0,0.0,0.0,0.0,0.0,0.0,0.0,0.0,0,0,0,0,0,0,0,0,0,0,0,0,0,0,0,0,0,0,0,0,0,0,0,0,0,0,0,0,0,0,0,0,0,0,0,0,0,0,0
2026-03-25,0.9624300003051758,0.5513430237770081,111.02999877929688,1.1984599828720093,0.6996901631355286,115.3499984741211,1.8132699728012085,1.745609998703003,201.36599731445312,1.6598600149154663,1.5976999998092651,0.9152100086212158,0.8657000064849854,184.34100341796875,11.255669593811035,1.9894499778747559,10.799139976501465,1.16146719455719,1.9172500371932983,1.8454099893569946,1.057070016860962,212.9320068359375,2.298029899597168,1.3416335582733154,0.8028900027275085,0.45989999175071716,92.63099670410156,0.5838086605072021,1.3757200241088867,0.7879999876022339,335.1570129394531,158.71800231933594,17.72909927368164,9.686420440673828,3.6739299297332764,9.303000450134277,1.2774100303649902,44.339298248291016,16.906160354614258,0.0,0.0,0.0,0.0,0.0,0.0,0.0,0.0,0.0,0.0,0.0,0.0,0.0,0.0,0.0,0.0,0.0,0.0,0.0,0.0,0.0,0.0,0.0,0.0,0.0,0.0,0.0,0.0,0.0,0.0,0.0,0.0,0.0,0.0,0.0,0.0,0.0,0.0,0.0,0.9630429744720459,0.5514079928398132,111.13999938964844,1.1998900175094604,0.7004762887954712,115.47799682617188,1.8211289644241333,1.749459981918335,201.61859130859375,1.6672899723052979,1.6014200448989868,0.9166499972343445,0.8667299747467041,184.5800018310547,11.298230171203613,1.9955999851226807,10.823869705200195,1.1631964445114136,1.926900029182434,1.851449966430664,1.059149980545044,213.18499755859375,2.3056299686431885,1.3436164855957031,0.8038399815559387,0.4605799913406372,92.70700073242188,0.5843510627746582,1.3806999921798706,0.7921500205993652,336.6289978027344,159.22500610351562,17.80109977722168,9.746179580688477,3.6982200145721436,9.346750259399414,1.280809998512268,44.365501403808594,16.986099243164062,0.9576299786567688,0.5485000014305115,110.5510025024414,1.195199966430664,0.6947402358055115,115.10600280761719,1.8122509717941284,1.7401599884033203,200.86099243164062,1.6597000360488892,1.5943700075149536,0.914900004863739,0.8647900223731995,184.04100036621094,11.21267032623291,1.9880000352859497,10.760510444641113,1.1563634872436523,1.9173599481582642,1.8415600061416626,1.0561000108718872,212.65199279785156,2.297300100326538,1.3361302614212036,0.7997999787330627,0.45820000767707825,92.33899688720703,0.5807605981826782,1.3750100135803223,0.7870000004768372,332.70001220703125,158.57699584960938,17.68779945373535,9.677300453186035,3.6672000885009766,9.267350196838379,1.2764999866485596,44.32067108154297,16.831960678100586,0.962149977684021,0.551110029220581,111.0,1.1974999904632568,0.6997998356819153,115.34300231933594,1.8138619661331177,1.745650053024292,201.3560028076172,1.6603200435638428,1.5976699590682983,0.9151600003242493,0.8657199740409851,184.31700134277344,11.248200416564941,1.9897899627685547,10.802189826965332,1.161386251449585,1.9177299737930298,1.8455100059509277,1.0569499731063843,212.88999938964844,2.2982800006866455,1.341471552848816,0.8025000095367432,0.4598099887371063,92.61000061035156,0.5836689472198486,1.3758200407028198,0.7880300283432007,335.489990234375,158.7100067138672,17.72949981689453,9.6943998336792,3.673840045928955,9.300629615783691,1.277400016784668,44.34130096435547,16.906089782714844,0.0,0.0,0.0,0.0,0.0,0.0,0.0,0.0,0.0,0.0,0.0,0.0,0.0,0.0,0.0,0.0,0.0,0.0,0.0,0.0,0.0,0.0,0.0,0.0,0.0,0.0,0.0,0.0,0.0,0.0,0.0,0.0,0.0,0.0,0.0,0.0,0.0,0.0,0.0,0,0,0,0,0,0,0,0,0,0,0,0,0,0,0,0,0,0,0,0,0,0,0,0,0,0,0,0,0,0,0,0,0,0,0,0,0,0,0
2026-03-26,0.9588199853897095,0.5494700074195862,110.64600372314453,1.1957199573516846,0.6942901611328125,115.37300109863281,1.819108009338379,1.7449300289154053,201.31100463867188,1.6651300191879272,1.59660005569458,0.915120005607605,0.865119993686676,184.27099609375,11.190799713134766,1.9911500215530396,10.808320045471191,1.1561496257781982,1.9245500564575195,1.8459800481796265,1.057610034942627,212.98399353027344,2.301419973373413,1.336362361907959,0.8019099831581116,0.4594700038433075,92.52200317382812,0.5806391835212708,1.3814200162887573,0.7915499806404114,334.4150085449219,159.38400268554688,17.777240753173828,9.679630279541016,3.6954400539398193,9.348690032958984,1.2810399532318115,44.35459899902344,16.977649688720703,0.0,0.0,0.0,0.0,0.0,0.0,0.0,0.0,0.0,0.0,0.0,0.0,0.0,0.0,0.0,0.0,0.0,0.0,0.0,0.0,0.0,0.0,0.0,0.0,0.0,0.0,0.0,0.0,0.0,0.0,0.0,0.0,0.0,0.0,0.0,0.0,0.0,0.0,0.0,0.961230993270874,0.5507879853248596,110.89700317382812,1.1999399662017822,0.695709764957428,115.43299865722656,1.8260170221328735,1.7475099563598633,201.49000549316406,1.6709100008010864,1.5994499921798706,0.9163399934768677,0.8661699891090393,184.4709930419922,11.220879554748535,1.9981600046157837,10.862709999084473,1.1574074029922485,1.9332499504089355,1.8498200178146362,1.0601600408554077,213.2969970703125,2.3114399909973145,1.337595820426941,0.8026260137557983,0.45969998836517334,92.59200286865234,0.5809394121170044,1.3856899738311768,0.7941799759864807,337.2590026855469,159.68899536132812,17.859500885009766,9.699549674987793,3.709559917449951,9.420160293579102,1.2850300073623657,44.37269973754883,17.106300354003906,0.9544429779052734,0.5471000075340271,110.20899963378906,1.1943999528884888,0.690240204334259,115.18199920654297,1.8138940334320068,1.7421799898147583,200.95899963378906,1.6627999544143677,1.5946600437164307,0.9143400192260742,0.8637599945068359,183.9810028076172,11.105400085449219,1.9904999732971191,10.798999786376953,1.1523923873901367,1.921180009841919,1.843019962310791,1.05649995803833,212.70799255371094,2.300100088119507,1.332356333732605,0.7987200021743774,0.45739999413490295,92.15167236328125,0.5772398710250854,1.3811999559402466,0.791100025177002,334.4070129394531,159.28700256347656,17.7450008392334,9.62755012512207,3.6898000240325928,9.331979751586914,1.280500054359436,44.343929290771484,16.961000442504883,0.9590299725532532,0.5496360063552856,110.68199920654297,1.1957800388336182,0.6944299936294556,115.39199829101562,1.8190419673919678,1.7450499534606934,201.3560028076172,1.6649399995803833,1.5968799591064453,0.9151300191879272,0.865119993686676,184.2989959716797,11.191100120544434,1.9905999898910522,10.808919906616211,1.1564704179763794,1.924299955368042,1.845579981803894,1.0575799942016602,213.0260009765625,2.3011701107025146,1.336362361907959,0.8019000291824341,0.45952001214027405,92.5469970703125,0.5807403326034546,1.3811999559402466,0.7914999723434448,334.6659851074219,159.4010009765625,17.762699127197266,9.684679985046387,3.695359945297241,9.348899841308594,1.2810399532318115,44.35459899902344,16.981849670410156,0.0,0.0,0.0,0.0,0.0,0.0,0.0,0.0,0.0,0.0,0.0,0.0,0.0,0.0,0.0,0.0,0.0,0.0,0.0,0.0,0.0,0.0,0.0,0.0,0.0,0.0,0.0,0.0,0.0,0.0,0.0,0.0,0.0,0.0,0.0,0.0,0.0,0.0,0.0,0,0,0,0,0,0,0,0,0,0,0,0,0,0,0,0,0,0,0,0,0,0,0,0,0,0,0,0,0,0,0,0,0,0,0,0,0,0,0
2026-03-27,0.9538400173187256,0.5472300052642822,109.98300170898438,1.1953200101852417,0.6887398958206177,115.28199768066406,1.8266509771347046,1.7428799867630005,200.94509887695312,1.6747299432754517,1.597640037536621,0.9166399836540222,0.8649299740791321,184.2239990234375,11.18120002746582,2.001300096511841,10.867230415344238,1.1535090208053589,1.9358999729156494,1.8466999530792236,1.059559941291809,212.96200561523438,2.3142600059509277,1.3335645198822021,0.7978799939155579,0.45774000883102417,91.99500274658203,0.5761796236038208,1.3851900100708008,0.7946799993515015,334.5710144042969,159.70399475097656,17.91390037536621,9.690449714660645,3.703700065612793,9.421500205993652,1.2858200073242188,44.45555114746094,17.077749252319336,0.0,0.0,0.0,0.0,0.0,0.0,0.0,0.0,0.0,0.0,0.0,0.0,0.0,0.0,0.0,0.0,0.0,0.0,0.0,0.0,0.0,0.0,0.0,0.0,0.0,0.0,0.0,0.0,0.0,0.0,0.0,0.0,0.0,0.0,0.0,0.0,0.0,0.0,0.0,0.9572589993476868,0.550000011920929,110.31700134277344,1.1972800493240356,0.6911499500274658,115.49299621582031,1.8298300504684448,1.7432700395584106,200.9499969482422,1.6777299642562866,1.6010600328445435,0.9197400212287903,0.8674100041389465,184.49600219726562,11.226400375366211,2.003959894180298,10.894049644470215,1.1547343730926514,1.9399299621582031,1.8487099409103394,1.0620900392532349,213.07699584960938,2.317270040512085,1.3347997665405273,0.800059974193573,0.4602600038051605,92.3030014038086,0.5778610110282898,1.3881399631500244,0.7979599833488464,339.5799865722656,160.1580047607422,18.095640182495117,9.73423957824707,3.727950096130371,9.45514965057373,1.2878999710083008,44.46004104614258,17.214710235595703,0.9523699879646301,0.5462999939918518,109.62999725341797,1.1930700540542603,0.6872701048851013,115.08300018310547,1.815871000289917,1.736024022102356,200.3000946044922,1.6689900159835815,1.5937999486923218,0.9164999723434448,0.8646900057792664,183.86000061035156,11.133299827575684,1.9950000047683716,10.85159969329834,1.1502978801727295,1.9270000457763672,1.8398000001907349,1.0573999881744385,212.23199462890625,2.304529905319214,1.327527642250061,0.7968999743461609,0.4569999873638153,91.77200317382812,0.5750795006752014,1.3844000101089478,0.7943000197410583,334.7349853515625,159.45599365234375,17.869699478149414,9.659469604492188,3.699399948120117,9.412449836730957,1.284600019454956,44.421600341796875,17.013900756835938,0.954039990901947,0.5473499894142151,110.00199890136719,1.1953799724578857,0.6888299584388733,115.28500366210938,1.826583981513977,1.7429300546646118,200.9499969482422,1.6745100021362305,1.597730040550232,0.9166600108146667,0.8649399876594543,184.22799682617188,11.18120002746582,2.001800060272217,10.86713981628418,1.1535356044769287,1.935789942741394,1.847000002861023,1.0595899820327759,212.9720001220703,2.314189910888672,1.3336195945739746,0.7979900240898132,0.45778000354766846,92.01210021972656,0.5762101411819458,1.3852399587631226,0.7944999933242798,334.7650146484375,159.71499633789062,17.913299560546875,9.690899848937988,3.704440116882324,9.421319961547852,1.2857400178909302,44.45669937133789,17.065650939941406,0.0,0.0,0.0,0.0,0.0,0.0,0.0,0.0,0.0,0.0,0.0,0.0,0.0,0.0,0.0,0.0,0.0,0.0,0.0,0.0,0.0,0.0,0.0,0.0,0.0,0.0,0.0,0.0,0.0,0.0,0.0,0.0,0.0,0.0,0.0,0.0,0.0,0.0,0.0,0,0,0,0,0,0,0,0,0,0,0,0,0,0,0,0,0,0,0,0,0,0,0,0,0,0,0,0,0,0,0,0,0,0,0,0,0,0,0
2026-03-30,0.9520099759101868,0.547819972038269,109.76699829101562,1.1960099935531616,0.6850901246070862,115.25800323486328,1.8247510194778442,1.7376600503921509,200.32200622558594,1.6773600578308105,1.5973299741744995,0.9190800189971924,0.8680300116539001,184.1269989013672,11.188799858093262,2.0063400268554688,10.888609886169434,1.149200677871704,1.9321600198745728,1.83965003490448,1.058650016784668,212.0970001220703,2.3111300468444824,1.3238370418548584,0.795956015586853,0.45796999335289,91.75700378417969,0.5727902054786682,1.3899500370025635,0.7997999787330627,337.17401123046875,160.23399353027344,18.143220901489258,9.736530303955078,3.725260019302368,9.475330352783203,1.2898199558258057,44.4452018737793,17.157400131225586,0.0,0.0,0.0,0.0,0.0,0.0,0.0,0.0,0.0,0.0,0.0,0.0,0.0,0.0,0.0,0.0,0.0,0.0,0.0,0.0,0.0,0.0,0.0,0.0,0.0,0.0,0.0,0.0,0.0,0.0,0.0,0.0,0.0,0.0,0.0,0.0,0.0,0.0,0.0,0.9556999802589417,0.54926598072052,109.80000305175781,1.2002099752426147,0.6875215172767639,115.26499938964844,1.8280529975891113,1.7423900365829468,200.31700134277344,1.680359959602356,1.6004799604415894,0.9199699759483337,0.8697800040245056,184.13499450683594,11.267450332641602,2.009819984436035,10.951930046081543,1.152339220046997,1.9350500106811523,1.8450700044631958,1.0602400302886963,212.10899353027344,2.315049886703491,1.3281975984573364,0.7984899878501892,0.45875000953674316,91.82099914550781,0.5750100612640381,1.3944200277328491,0.8012599945068359,340.00299072265625,160.2310028076172,18.158000946044922,9.809109687805176,3.7517900466918945,9.564940452575684,1.291849970817566,44.46974182128906,17.211599349975586,0.9508799910545349,0.5468999743461609,109.04499816894531,1.1943999528884888,0.6834200620651245,114.39399719238281,1.819504976272583,1.737470030784607,199.12213134765625,1.6697800159454346,1.593500018119812,0.9161099791526794,0.8671000003814697,182.62899780273438,11.180500030517578,2.003159999847412,10.878899574279785,1.1443873643875122,1.9232900142669678,1.8344299793243408,1.054669976234436,210.2469940185547,2.30745005607605,1.3175925016403198,0.7947289943695068,0.45587000250816345,90.96299743652344,0.5700896978378296,1.3885300159454346,0.7978000044822693,337.24700927734375,159.3209991455078,18.029800415039062,9.722949981689453,3.7116000652313232,9.446999549865723,1.2869000434875488,44.3863410949707,17.022600173950195,0.9519680142402649,0.5478010177612305,109.73400115966797,1.1956900358200073,0.6849080324172974,115.26499938964844,1.8251169919967651,1.7376099824905396,200.2989959716797,1.6777399778366089,1.597059965133667,0.9190999865531921,0.8680899739265442,184.1320037841797,11.192099571228027,2.00570011138916,10.886810302734375,1.1491875648498535,1.9326900243759155,1.8399699926376343,1.0586299896240234,212.10899353027344,2.3109700679779053,1.323784351348877,0.795960009098053,0.45802000164985657,91.76200103759766,0.57282954454422,1.3899999856948853,0.799839973449707,337.8009948730469,160.2310028076172,18.13736915588379,9.739370346069336,3.7255499362945557,9.473990440368652,1.289829969406128,44.44540023803711,17.160200119018555,0.0,0.0,0.0,0.0,0.0,0.0,0.0,0.0,0.0,0.0,0.0,0.0,0.0,0.0,0.0,0.0,0.0,0.0,0.0,0.0,0.0,0.0,0.0,0.0,0.0,0.0,0.0,0.0,0.0,0.0,0.0,0.0,0.0,0.0,0.0,0.0,0.0,0.0,0.0,0,0,0,0,0,0,0,0,0,0,0,0,0,0,0,0,0,0,0,0,0,0,0,0,0,0,0,0,0,0,0,0,0,0,0,0,0,0,0
2026-03-31,0.9533299803733826,0.5475640296936035,109.40899658203125,1.1973400115966797,0.6845901012420654,114.7300033569336,1.8259799480438232,1.741070032119751,199.8090057373047,1.6735199689865112,1.5956900119781494,0.9163900017738342,0.869700014591217,183.1230010986328,11.14799976348877,2.003849983215332,10.95359992980957,1.1460003852844238,1.9241600036621094,1.8346699476242065,1.0534600019454956,210.5449981689453,2.3032000064849854,1.3172800540924072,0.7961360216140747,0.4571399986743927,91.36399841308594,0.5717389583587646,1.3928300142288208,0.7998800277709961,338.8999938964844,159.84100341796875,18.13960075378418,9.728699684143066,3.740449905395508,9.557049751281738,1.2920000553131104,44.473899841308594,17.19087028503418,0.0,0.0,0.0,0.0,0.0,0.0,0.0,0.0,0.0,0.0,0.0,0.0,0.0,0.0,0.0,0.0,0.0,0.0,0.0,0.0,0.0,0.0,0.0,0.0,0.0,0.0,0.0,0.0,0.0,0.0,0.0,0.0,0.0,0.0,0.0,0.0,0.0,0.0,0.0,0.9597700238227844,0.5513299703598022,109.84500122070312,1.2023990154266357,0.6888299584388733,114.8551025390625,1.8301279544830322,1.744230031967163,200.19578552246094,1.6832900047302246,1.6095999479293823,0.9265999794006348,0.8741899728775024,183.62600708007812,11.257800102233887,2.020169973373413,10.981269836425781,1.1538816690444946,1.9291399717330933,1.848080039024353,1.0616999864578247,211.20399475097656,2.31535005569458,1.326330304145813,0.7991700172424316,0.45899099111557007,91.59500122070312,0.5737004280090332,1.3964300155639648,0.804099977016449,339.00799560546875,159.95899963378906,18.159299850463867,9.811470031738281,3.748270034790039,9.58096981048584,1.2928600311279297,44.479671478271484,17.22089958190918,0.9523199796676636,0.5460000038146973,108.85299682617188,1.1964999437332153,0.6835200190544128,113.83699798583984,1.8126449584960938,1.7356599569320679,197.72055053710938,1.6684000492095947,1.5951999425888062,0.9157000184059143,0.8676000237464905,182.85000610351562,11.14579963684082,2.002120018005371,10.92926025390625,1.144924521446228,1.9214600324630737,1.833590030670166,1.0529899597167969,209.64300537109375,2.303760051727295,1.316118597984314,0.7944999933242798,0.4553000032901764,90.68515014648438,0.5701709389686584,1.3915599584579468,0.7978000044822693,333.3489990234375,158.89199829101562,17.933500289916992,9.722479820251465,3.7193000316619873,9.473690032958984,1.2869000434875488,44.44770050048828,16.97323989868164,0.9535290002822876,0.5475500226020813,109.36000061035156,1.1974600553512573,0.6846201419830322,114.69100189208984,1.8241519927978516,1.7411799430847168,199.69000244140625,1.6735600233078003,1.5958399772644043,0.9164000153541565,0.8697699904441833,183.04299926757812,11.14579963684082,2.0037100315093994,10.953339576721191,1.1457903385162354,1.92399001121521,1.8344199657440186,1.0534100532531738,210.427001953125,2.3038699626922607,1.3173494338989258,0.7960500121116638,0.457069993019104,91.30999755859375,0.5717389583587646,1.392840027809143,0.799809992313385,338.1889953613281,159.75399780273438,18.13610076904297,9.727219581604004,3.739989995956421,9.557049751281738,1.2918399572372437,44.47420120239258,17.18617057800293,0.0,0.0,0.0,0.0,0.0,0.0,0.0,0.0,0.0,0.0,0.0,0.0,0.0,0.0,0.0,0.0,0.0,0.0,0.0,0.0,0.0,0.0,0.0,0.0,0.0,0.0,0.0,0.0,0.0,0.0,0.0,0.0,0.0,0.0,0.0,0.0,0.0,0.0,0.0,0,0,0,0,0,0,0,0,0,0,0,0,0,0,0,0,0,0,0,0,0,0,0,0,0,0,0,0,0,0,0,0,0,0,0,0,0,0,0
2026-04-01,0.9621269702911377,0.5519400238990784,109.70600128173828,1.2023500204086304,0.692051112651825,114.03700256347656,1.8110359907150269,1.742419958114624,198.7150115966797,1.6723999977111816,1.608680009841919,0.9232000112533569,0.8738700151443481,183.47500610351562,11.201089859008789,2.0102999210357666,10.932490348815918,1.1574207544326782,1.9136500358581543,1.8406399488449097,1.0562599897384644,209.9409942626953,2.3008599281311035,1.324327826499939,0.799839973449707,0.45897001028060913,91.22100067138672,0.5756091475486755,1.3902900218963623,0.7976300120353699,331.01800537109375,158.57899475097656,17.884580612182617,9.676460266113281,3.7025299072265625,9.445590019226074,1.2843400239944458,44.454898834228516,16.865190505981445,0.0,0.0,0.0,0.0,0.0,0.0,0.0,0.0,0.0,0.0,0.0,0.0,0.0,0.0,0.0,0.0,0.0,0.0,0.0,0.0,0.0,0.0,0.0,0.0,0.0,0.0,0.0,0.0,0.0,0.0,0.0,0.0,0.0,0.0,0.0,0.0,0.0,0.0,0.0,0.9665669798851013,0.5524889826774597,110.20700073242188,1.20524001121521,0.6962299942970276,114.31700134277344,1.8195710182189941,1.755210041999817,200.27337646484375,1.6757999658584595,1.6143900156021118,0.9233400225639343,0.8740100264549255,184.2469940185547,11.272120475769043,2.0171499252319336,10.935759544372559,1.1626555919647217,1.9208099842071533,1.851639986038208,1.0575599670410156,211.427001953125,2.312469959259033,1.3336000442504883,0.8023200035095215,0.4592199921607971,91.51799774169922,0.5777808427810669,1.3911000490188599,0.7983700037002563,332.3800048828125,158.99000549316406,17.910499572753906,9.705900192260742,3.709670066833496,9.461299896240234,1.2861499786376953,44.48781967163086,16.915599822998047,0.9595999717712402,0.5491999983787537,109.48799896240234,1.2014000415802002,0.6900501847267151,113.8550033569336,1.8095940351486206,1.7414900064468384,198.6271514892578,1.667330026626587,1.6066900491714478,0.918179988861084,0.8709499835968018,183.3489990234375,11.178799629211426,2.0081000328063965,10.861499786376953,1.1555883884429932,1.9106700420379639,1.8384100198745728,1.0530999898910522,209.8699951171875,2.30049991607666,1.3222790956497192,0.7968000173568726,0.45579999685287476,90.90599822998047,0.5731710195541382,1.387619972229004,0.79093998670578,328.45001220703125,158.2790069580078,17.79755973815918,9.64564037322998,3.6807000637054443,9.354849815368652,1.2809799909591675,44.441558837890625,16.72570037841797,0.961912989616394,0.5519019961357117,109.6500015258789,1.2022199630737305,0.6917399764060974,114.00499725341797,1.8113969564437866,1.7423800230026245,198.65921020507812,1.672700047492981,1.6085699796676636,0.9232000112533569,0.8738300204277039,183.41799926757812,11.187199592590332,2.0110700130462646,10.929719924926758,1.157112717628479,1.9139399528503418,1.8405799865722656,1.0563000440597534,209.89100646972656,2.301229953765869,1.3240998983383179,0.7999299764633179,0.4589200019836426,91.18299865722656,0.5753706693649292,1.3905800580978394,0.7978600263595581,331.2690124511719,158.5679931640625,17.892499923706055,9.682499885559082,3.7036499977111816,9.447279930114746,1.2847199440002441,44.45500183105469,16.873550415039062,0.0,0.0,0.0,0.0,0.0,0.0,0.0,0.0,0.0,0.0,0.0,0.0,0.0,0.0,0.0,0.0,0.0,0.0,0.0,0.0,0.0,0.0,0.0,0.0,0.0,0.0,0.0,0.0,0.0,0.0,0.0,0.0,0.0,0.0,0.0,0.0,0.0,0.0,0.0,0,0,0,0,0,0,0,0,0,0,0,0,0,0,0,0,0,0,0,0,0,0,0,0,0,0,0,0,0,0,0,0,0,0,0,0,0,0,0
2026-04-02,0.9602000117301941,0.5496600270271301,109.84600067138672,1.2041200399398804,0.6923999190330505,114.34200286865234,1.8189090490341187,1.7475999593734741,199.8256072998047,1.6740000247955322,1.6081000566482544,0.9202100038528442,0.8712499737739563,183.8979949951172,11.260359764099121,2.0157198905944824,10.900520324707031,1.159057378768921,1.9210100173950195,1.84552001953125,1.0559899806976318,211.04100036621094,2.313199996948242,1.3302648067474365,0.7976300120353699,0.45590001344680786,91.20800018310547,0.5750100612640381,1.3876399993896484,0.7939500212669373,329.989013671875,158.68800354003906,17.823200225830078,9.71500015258789,3.695430040359497,9.405139923095703,1.2826000452041626,44.48640060424805,16.81753921508789,0.0,0.0,0.0,0.0,0.0,0.0,0.0,0.0,0.0,0.0,0.0,0.0,0.0,0.0,0.0,0.0,0.0,0.0,0.0,0.0,0.0,0.0,0.0,0.0,0.0,0.0,0.0,0.0,0.0,0.0,0.0,0.0,0.0,0.0,0.0,0.0,0.0,0.0,0.0,0.9625099897384644,0.5522500276565552,110.13700103759766,1.2069100141525269,0.6935202479362488,114.8270034790039,1.823830008506775,1.7489299774169922,200.04837036132812,1.678629994392395,1.6089199781417847,0.9227499961853027,0.8733299970626831,184.13600158691406,11.285840034484863,2.021589994430542,10.961810111999512,1.1598775386810303,1.9256700277328491,1.846750020980835,1.0580500364303589,211.24600219726562,2.31823992729187,1.3314515352249146,0.7983700037002563,0.4577000141143799,91.33100128173828,0.5756787061691284,1.3932700157165527,0.8008000254631042,334.2120056152344,159.74200439453125,17.958080291748047,9.779290199279785,3.7245700359344482,9.510849952697754,1.2880500555038452,44.499759674072266,17.046100616455078,0.9549999833106995,0.5481020212173462,109.41400146484375,1.2020000219345093,0.6860898733139038,114.3030014038086,1.8099550008773804,1.7383869886398315,199.13099670410156,1.670300006866455,1.6023000478744507,0.9194200038909912,0.8708999752998352,183.50799560546875,11.214010238647461,2.0136001110076904,10.866399765014648,1.1510393619537354,1.9143999814987183,1.8358999490737915,1.0547000169754028,210.3560028076172,2.308000087738037,1.3183915615081787,0.7930700182914734,0.45509999990463257,90.83100128173828,0.5701189637184143,1.3868900537490845,0.7929999828338623,330.010986328125,158.6009979248047,17.791400909423828,9.694629669189453,3.6884000301361084,9.383230209350586,1.2818399667739868,44.449440002441406,16.780109405517578,0.9605699777603149,0.5497090220451355,109.85600280761719,1.2041300535202026,0.6923601627349854,114.3489990234375,1.8187769651412964,1.7475099563598633,199.80799865722656,1.6739000082015991,1.607800006866455,0.920229971408844,0.8712300062179565,183.90899658203125,11.255800247192383,2.0151000022888184,10.902870178222656,1.159151554107666,1.9211100339889526,1.8455699682235718,1.0560799837112427,211.0749969482422,2.31358003616333,1.3302825689315796,0.7976199984550476,0.45636001229286194,91.21099853515625,0.5749803185462952,1.3875999450683594,0.7939900159835815,330.010986328125,158.69900512695312,17.823999404907227,9.711689949035645,3.694390058517456,9.407389640808105,1.2826000452041626,44.48630142211914,16.818510055541992,0.0,0.0,0.0,0.0,0.0,0.0,0.0,0.0,0.0,0.0,0.0,0.0,0.0,0.0,0.0,0.0,0.0,0.0,0.0,0.0,0.0,0.0,0.0,0.0,0.0,0.0,0.0,0.0,0.0,0.0,0.0,0.0,0.0,0.0,0.0,0.0,0.0,0.0,0.0,0,0,0,0,0,0,0,0,0,0,0,0,0,0,0,0,0,0,0,0,0,0,0,0,0,0,0,0,0,0,0,0,0,0,0,0,0,0,0
2026-04-03,0.9615899920463562,0.551829993724823,110.2030029296875,1.2086900472640991,0.6911499500274658,114.58699798583984,1.8111679553985596,1.7423900365829468,199.649658203125,1.6698600053787231,1.605929970741272,0.9217100143432617,0.8723199963569641,184.05599975585938,11.183799743652344,2.0179998874664307,10.857609748840332,1.1541746854782104,1.9139399528503418,1.8407800197601318,1.0563700199127197,210.96099853515625,2.3134899139404297,1.3230313062667847,0.795199990272522,0.4562000036239624,91.16000366210938,0.5717801451683044,1.391700029373169,0.7986299991607666,331.8110046386719,159.49099731445312,17.84712028503418,9.711509704589844,3.7026500701904297,9.408439636230469,1.2848999500274658,44.55580139160156,16.93515968322754,0.0,0.0,0.0,0.0,0.0,0.0,0.0,0.0,0.0,0.0,0.0,0.0,0.0,0.0,0.0,0.0,0.0,0.0,0.0,0.0,0.0,0.0,0.0,0.0,0.0,0.0,0.0,0.0,0.0,0.0,0.0,0.0,0.0,0.0,0.0,0.0,0.0,0.0,0.0,0.9625740051269531,0.5522480010986328,110.3290023803711,1.2106800079345703,0.6919098496437073,114.68900299072266,1.8145530223846436,1.7452900409698486,200.02822875976562,1.6722700595855713,1.6082099676132202,0.9220899939537048,0.8731399774551392,184.27000427246094,11.282270431518555,2.024019956588745,10.916549682617188,1.1548677682876587,1.916599988937378,1.8435499668121338,1.057070016860962,211.2949981689453,2.3199000358581543,1.3245033025741577,0.795930027961731,0.4566679894924164,91.22699737548828,0.572300136089325,1.3948400020599365,0.8002200126647949,333.8800048828125,159.69500732421875,17.872900009155273,9.79026985168457,3.7129299640655518,9.47449016571045,1.2867599725723267,44.60279846191406,17.004959106445312,0.9605000019073486,0.5504999756813049,109.94499969482422,1.2060400247573853,0.6891599297523499,114.2040023803711,1.808972954750061,1.7417930364608765,199.38999938964844,1.6684999465942383,1.6051000356674194,0.920799970626831,0.8716899752616882,183.85800170898438,11.209799766540527,2.0171000957489014,10.845999717712402,1.1520869731903076,1.9090700149536133,1.8372700214385986,1.0549099445343018,210.60299682617188,2.3111400604248047,1.3197835683822632,0.7926599979400635,0.4546000063419342,90.80609130859375,0.5694501399993896,1.3912999629974365,0.7975999712944031,331.260986328125,159.427001953125,17.789979934692383,9.704070091247559,3.699199914932251,9.400449752807617,1.2841999530792236,44.47692108154297,16.905799865722656,0.9620199799537659,0.5519999861717224,110.2239990234375,1.208709955215454,0.691399872303009,114.5719985961914,1.8112000226974487,1.7425299882888794,199.65699768066406,1.6696900129318237,1.6061500310897827,0.921779990196228,0.8722599744796753,184.02000427246094,11.209799766540527,2.018359899520874,10.857839584350586,1.1543878316879272,1.9138799905776978,1.8408000469207764,1.0566799640655518,210.9929962158203,2.3137500286102295,1.323364019393921,0.7954000234603882,0.4565599858760834,91.16500091552734,0.5719383955001831,1.391700029373169,0.7985100150108337,332.10699462890625,159.45599365234375,17.844959259033203,9.710260391235352,3.7020599842071533,9.407139778137207,1.2847399711608887,44.5531005859375,16.941049575805664,0.0,0.0,0.0,0.0,0.0,0.0,0.0,0.0,0.0,0.0,0.0,0.0,0.0,0.0,0.0,0.0,0.0,0.0,0.0,0.0,0.0,0.0,0.0,0.0,0.0,0.0,0.0,0.0,0.0,0.0,0.0,0.0,0.0,0.0,0.0,0.0,0.0,0.0,0.0,0,0,0,0,0,0,0,0,0,0,0,0,0,0,0,0,0,0,0,0,0,0,0,0,0,0,0,0,0,0,0,0,0,0,0,0,0,0,0
2026-04-06,0.9599699974060059,0.5515300035476685,109.99600219726562,1.2098000049591064,0.6885501742362976,114.5530014038086,1.8124480247497559,1.740440011024475,199.397705078125,1.671489953994751,1.6048699617385864,0.9220499992370605,0.8727999925613403,183.9010009765625,11.230299949645996,2.024019956588745,10.904060363769531,1.150999665260315,1.9147000312805176,1.8388700485229492,1.0562800168991089,210.68099975585938,2.318739891052246,1.3186348676681519,0.7925000190734863,0.45541998744010925,90.82499694824219,0.5686697363853455,1.394569993019104,0.8011500239372253,333.8500061035156,159.77999877929688,17.880399703979492,9.758620262145996,3.7126998901367188,9.473509788513184,1.2875200510025024,44.58409881591797,16.969289779663086,0.0,0.0,0.0,0.0,0.0,0.0,0.0,0.0,0.0,0.0,0.0,0.0,0.0,0.0,0.0,0.0,0.0,0.0,0.0,0.0,0.0,0.0,0.0,0.0,0.0,0.0,0.0,0.0,0.0,0.0,0.0,0.0,0.0,0.0,0.0,0.0,0.0,0.0,0.0,0.9653900265693665,0.553650975227356,110.56900024414062,1.2118200063705444,0.6937001347541809,114.79000091552734,1.8122199773788452,1.7467900514602661,200.2100067138672,1.6712499856948853,1.6101900339126587,0.9230300188064575,0.8729100227355957,184.447998046875,11.267780303955078,2.023699998855591,10.921629905700684,1.1570056676864624,1.9146900177001953,1.8453099727630615,1.0583100318908691,211.5279998779297,2.318809986114502,1.3268407583236694,0.7969200015068054,0.45688700675964355,91.35800170898438,0.5728984475135803,1.394670009613037,0.8017600178718567,334.1499938964844,159.79299926757812,17.874799728393555,9.782999992370605,3.716320037841797,9.48859977722168,1.2874399423599243,44.59934997558594,16.979440689086914,0.9602000117301941,0.5512999892234802,110.02100372314453,1.2094000577926636,0.6887801885604858,114.41000366210938,1.8057060241699219,1.7391259670257568,199.1114044189453,1.6657899618148804,1.6043000221252441,0.9208800196647644,0.8715999722480774,183.70399475097656,11.204999923706055,2.0169999599456787,10.852339744567871,1.1506949663162231,1.910290002822876,1.8386900424957275,1.0555000305175781,210.60699462890625,2.3129000663757324,1.318913221359253,0.7926999926567078,0.45509999990463257,90.80863952636719,0.5687699913978577,1.3901900053024292,0.7962599992752075,329.1499938964844,159.31700134277344,17.748920440673828,9.705559730529785,3.6826000213623047,9.380249977111816,1.2826999425888062,44.36888885498047,16.653600692749023,0.9602900147438049,0.5516600012779236,110.02100372314453,1.2109800577163696,0.6887801885604858,114.53700256347656,1.8119549751281738,1.7405200004577637,199.36300659179688,1.6712499856948853,1.605049967765808,0.9221799969673157,0.8727999925613403,183.88499450683594,11.241800308227539,2.023509979248047,10.904450416564941,1.151185154914856,1.9146499633789062,1.8391499519348145,1.056399941444397,210.67300415039062,2.318809986114502,1.318913221359253,0.7928500175476074,0.4554699957370758,90.8280029296875,0.5687699913978577,1.3945000171661377,0.8010799884796143,333.1730041503906,159.75,17.874799728393555,9.766570091247559,3.71235990524292,9.47262954711914,1.2873400449752808,44.58259963989258,16.954280853271484,0.0,0.0,0.0,0.0,0.0,0.0,0.0,0.0,0.0,0.0,0.0,0.0,0.0,0.0,0.0,0.0,0.0,0.0,0.0,0.0,0.0,0.0,0.0,0.0,0.0,0.0,0.0,0.0,0.0,0.0,0.0,0.0,0.0,0.0,0.0,0.0,0.0,0.0,0.0,0,0,0,0,0,0,0,0,0,0,0,0,0,0,0,0,0,0,0,0,0,0,0,0,0,0,0,0,0,0,0,0,0,0,0,0,0,0,0
2026-04-07,0.9621899724006653,0.5520150065422058,110.44400024414062,1.21042001247406,0.6916901469230652,114.77300262451172,1.8111350536346436,1.7428799867630005,200.065673828125,1.6685099601745605,1.6053800582885742,0.9210799932479858,0.8720499873161316,184.29600524902344,11.20143985748291,2.0196499824523926,10.90369987487793,1.1541212797164917,1.9132000207901,1.840809941291809,1.0560699701309204,211.322998046875,2.3159000873565674,1.3234164714813232,0.7947900295257568,0.45592001080513,91.2300033569336,0.5714514255523682,1.391160011291504,0.7980999946594238,329.7330017089844,159.68299865722656,17.76650047302246,9.7052001953125,3.6956400871276855,9.447440147399902,1.2849400043487549,44.605098724365234,16.86086082458496,0.0,0.0,0.0,0.0,0.0,0.0,0.0,0.0,0.0,0.0,0.0,0.0,0.0,0.0,0.0,0.0,0.0,0.0,0.0,0.0,0.0,0.0,0.0,0.0,0.0,0.0,0.0,0.0,0.0,0.0,0.0,0.0,0.0,0.0,0.0,0.0,0.0,0.0,0.0,0.96670001745224,0.555616021156311,111.08499908447266,1.2175400257110596,0.695129930973053,115.0530014038086,1.812087059020996,1.7446999549865723,200.1046905517578,1.6706899404525757,1.6110600233078003,0.9265099763870239,0.8740000128746033,185.13999938964844,11.220800399780273,2.031019926071167,11.050809860229492,1.1583458185195923,1.9155199527740479,1.8481600284576416,1.060670018196106,211.96800231933594,2.324970006942749,1.3285505771636963,0.795894980430603,0.4567599892616272,91.27400207519531,0.5722395181655884,1.3928899765014648,0.8010500073432922,331.77099609375,160.01499938964844,17.796300888061523,9.718850135803223,3.7048699855804443,9.559049606323242,1.28711998462677,44.61214828491211,16.950000762939453,0.9607610106468201,0.5515000224113464,110.29000091552734,1.2101999521255493,0.6899216175079346,114.5770034790039,1.7988849878311157,1.736899971961975,199.63600158691406,1.6652799844741821,1.604699969291687,0.9211500287055969,0.8712000250816345,184.25,11.147700309753418,2.0190000534057617,10.901729583740234,1.1525251865386963,1.906690001487732,1.839900016784668,1.0561000108718872,211.1999969482422,2.316009998321533,1.3212482929229736,0.7922999858856201,0.4537999927997589,90.9800033569336,0.5691292881965637,1.3890999555587769,0.7976999878883362,328.93798828125,159.47300720214844,17.695100784301758,9.631050109863281,3.6851000785827637,9.445469856262207,1.282099962234497,44.58980178833008,16.77630043029785,0.9620400071144104,0.5519000291824341,110.43399810791016,1.2103300094604492,0.6915299296379089,114.78099822998047,1.8113319873809814,1.7427899837493896,200.0469970703125,1.6687899827957153,1.6055699586868286,0.9211500287055969,0.8720700144767761,184.3070068359375,11.196900367736816,2.0190000534057617,10.9022798538208,1.1540547609329224,1.9134900569915771,1.8410600423812866,1.056149959564209,211.34300231933594,2.3160500526428223,1.323328971862793,0.7946599721908569,0.45590999722480774,91.22599792480469,0.5713502168655396,1.3912899494171143,0.7982100248336792,329.57598876953125,159.70599365234375,17.76930046081543,9.702850341796875,3.6963400840759277,9.447070121765137,1.2850099802017212,44.605201721191406,16.8646297454834,0.0,0.0,0.0,0.0,0.0,0.0,0.0,0.0,0.0,0.0,0.0,0.0,0.0,0.0,0.0,0.0,0.0,0.0,0.0,0.0,0.0,0.0,0.0,0.0,0.0,0.0,0.0,0.0,0.0,0.0,0.0,0.0,0.0,0.0,0.0,0.0,0.0,0.0,0.0,0,0,0,0,0,0,0,0,0,0,0,0,0,0,0,0,0,0,0,0,0,0,0,0,0,0,0,0,0,0,0,0,0,0,0,0,0,0,0
2026-04-08,0.9795460104942322,0.5593379735946655,112.30799865722656,1.2181199789047241,0.707679033279419,114.64099884033203,1.787559986114502,1.7510499954223633,200.7530059814453,1.6512900590896606,1.6174499988555908,0.9236699938774109,0.8720200061798096,185.48300170898438,11.20359992980957,2.0111498832702637,10.907649993896484,1.1686612367630005,1.8935099840164185,1.8550100326538086,1.0592000484466553,212.69500732421875,2.3067901134490967,1.3401771783828735,0.803820013999939,0.45906001329421997,92.1729965209961,0.5809292793273926,1.3841999769210815,0.7904000282287598,322.4530029296875,158.71600341796875,17.51409912109375,9.58215045928955,3.6452999114990234,9.330470085144043,1.2757600545883179,44.567901611328125,16.44658088684082,0.0,0.0,0.0,0.0,0.0,0.0,0.0,0.0,0.0,0.0,0.0,0.0,0.0,0.0,0.0,0.0,0.0,0.0,0.0,0.0,0.0,0.0,0.0,0.0,0.0,0.0,0.0,0.0,0.0,0.0,0.0,0.0,0.0,0.0,0.0,0.0,0.0,0.0,0.0,0.9801719784736633,0.5597860217094421,112.36799621582031,1.2196799516677856,0.708320140838623,114.70700073242188,1.8019640445709229,1.759503960609436,200.95606994628906,1.661370038986206,1.622979998588562,0.9237899780273438,0.8723199963569641,185.46200561523438,11.232399940490723,2.016479969024658,10.9072904586792,1.172333002090454,1.9106600284576416,1.8680100440979004,1.062000036239624,213.1320037841797,2.314349889755249,1.3484176397323608,0.8105400204658508,0.4610300064086914,92.5260009765625,0.5858814120292664,1.3873800039291382,0.7916499972343445,325.30999755859375,158.7469940185547,17.54800033569336,9.615750312805176,3.6543800830841064,9.345210075378418,1.2770299911499023,44.6260986328125,16.512920379638672,0.9746999740600586,0.5544999837875366,111.43900299072266,1.2074999809265137,0.7034178972244263,114.02999877929688,1.7858740091323853,1.7491899728775024,200.33299255371094,1.6501699686050415,1.614799976348877,0.9206200242042542,0.8686000108718872,184.81700134277344,11.137999534606934,1.9997999668121338,10.750749588012695,1.1666841506958008,1.8918100595474243,1.8527499437332153,1.0570000410079956,212.13999938964844,2.2973899841308594,1.3380969762802124,0.8011000156402588,0.45719999074935913,91.75199890136719,0.5786601901054382,1.3822400569915771,0.786899983882904,319.4209899902344,157.89300537109375,17.354799270629883,9.507749557495117,3.622499942779541,9.172889709472656,1.2717000246047974,44.39384841918945,16.261499404907227,0.9796900153160095,0.5593100190162659,112.28399658203125,1.217579960823059,0.7078698873519897,114.61599731445312,1.7875020503997803,1.7513500452041626,200.7451934814453,1.6514999866485596,1.6180499792099,0.923770010471344,0.8722400069236755,185.46200561523438,11.202670097351074,2.0105700492858887,10.905900001525879,1.1690436601638794,1.8933299779891968,1.85493004322052,1.0588699579238892,212.60699462890625,2.305419921875,1.3402490615844727,0.8042899966239929,0.45917999744415283,92.19300079345703,0.581300675868988,1.3840700387954712,0.7902100086212158,322.3269958496094,158.6479949951172,17.51141929626465,9.57942008972168,3.6443700790405273,9.328789710998535,1.275629997253418,44.56779861450195,16.44540023803711,0.0,0.0,0.0,0.0,0.0,0.0,0.0,0.0,0.0,0.0,0.0,0.0,0.0,0.0,0.0,0.0,0.0,0.0,0.0,0.0,0.0,0.0,0.0,0.0,0.0,0.0,0.0,0.0,0.0,0.0,0.0,0.0,0.0,0.0,0.0,0.0,0.0,0.0,0.0,0,0,0,0,0,0,0,0,0,0,0,0,0,0,0,0,0,0,0,0,0,0,0,0,0,0,0,0,0,0,0,0,0,0,0,0,0,0,0
2026-04-09,0.9749490022659302,0.5570859909057617,111.66999816894531,1.208340048789978,0.703937828540802,114.53600311279297,1.7946230173110962,1.7498799562454224,200.42300415039062,1.6561299562454224,1.6144499778747559,0.9226700067520142,0.8704900145530701,184.96499633789062,11.157170295715332,2.0014100074768066,10.861800193786621,1.16593599319458,1.9025100469589233,1.854509949684143,1.059880018234253,212.47000122070312,2.2990500926971436,1.3394052982330322,0.8065299987792969,0.46090999245643616,92.3949966430664,0.5825400948524475,1.3850500583648682,0.7914000153541565,322.1369934082031,158.64199829101562,17.446399688720703,9.567449569702148,3.647049903869629,9.3154296875,1.274549961090088,44.48469924926758,16.41822052001953,0.0,0.0,0.0,0.0,0.0,0.0,0.0,0.0,0.0,0.0,0.0,0.0,0.0,0.0,0.0,0.0,0.0,0.0,0.0,0.0,0.0,0.0,0.0,0.0,0.0,0.0,0.0,0.0,0.0,0.0,0.0,0.0,0.0,0.0,0.0,0.0,0.0,0.0,0.0,0.9782900214195251,0.5589590072631836,112.58200073242188,1.2086100578308105,0.7086097598075867,115.22699737548828,1.7992730140686035,1.7524100542068481,201.66258239746094,1.6615300178527832,1.6178200244903564,0.9240999817848206,0.8713200092315674,186.20399475097656,11.182479858398438,2.003350019454956,10.907299995422363,1.1706311702728271,1.9079999923706055,1.8581199645996094,1.0614099502563477,213.76300048828125,2.3010599613189697,1.3443931341171265,0.8101580142974854,0.46292999386787415,93.22799682617188,0.5869612097740173,1.3859200477600098,0.7921199798583984,324.625,159.27999877929688,17.488800048828125,9.592069625854492,3.6574699878692627,9.34000015258789,1.275879979133606,44.596370697021484,16.50480079650879,0.9727799892425537,0.5551000237464905,111.56600189208984,1.2041000127792358,0.702299952507019,114.51000213623047,1.7876299619674683,1.7482800483703613,200.38999938964844,1.6517800092697144,1.6135300397872925,0.9218000173568726,0.870199978351593,184.93299865722656,11.094900131225586,1.994439959526062,10.841050148010254,1.1651073694229126,1.8969999551773071,1.8532500267028809,1.0584399700164795,212.43899536132812,2.2901298999786377,1.3382043838500977,0.8054999709129333,0.460099995136261,92.30000305175781,0.5817911028862,1.3805999755859375,0.7888000011444092,320.9179992675781,158.63400268554688,17.33639907836914,9.48095989227295,3.6252999305725098,9.277029991149902,1.2716000080108643,44.40422821044922,16.322599411010742,0.97461998462677,0.5569800138473511,111.64600372314453,1.2080600261688232,0.7038798928260803,114.53500366210938,1.7948169708251953,1.7497800588607788,200.3939971923828,1.656209945678711,1.6142899990081787,0.9225800037384033,0.8704599738121033,184.93299865722656,11.159250259399414,2.0009100437164307,10.86620044708252,1.165813684463501,1.9025499820709229,1.8543699979782104,1.0597699880599976,212.43899536132812,2.2986299991607666,1.3394052982330322,0.8065900206565857,0.4609900116920471,92.39700317382812,0.5826385021209717,1.3849899768829346,0.7914199829101562,322.46600341796875,158.63400268554688,17.451000213623047,9.56974983215332,3.6459240913391113,9.31937026977539,1.2745699882507324,44.48649978637695,16.426759719848633,0.0,0.0,0.0,0.0,0.0,0.0,0.0,0.0,0.0,0.0,0.0,0.0,0.0,0.0,0.0,0.0,0.0,0.0,0.0,0.0,0.0,0.0,0.0,0.0,0.0,0.0,0.0,0.0,0.0,0.0,0.0,0.0,0.0,0.0,0.0,0.0,0.0,0.0,0.0,0,0,0,0,0,0,0,0,0,0,0,0,0,0,0,0,0,0,0,0,0,0,0,0,0,0,0,0,0,0,0,0,0,0,0,0,0,0,0
2026-04-10,0.9778599739074707,0.559469997882843,112.56700134277344,1.209439992904663,0.7075698375701904,115.09100341796875,1.7865439653396606,1.7475700378417969,201.16400146484375,1.6522400379180908,1.615820050239563,0.9246000051498413,0.8704800009727478,185.99000549316406,11.103340148925781,1.9983099699020386,10.853870391845703,1.1691256761550903,1.8978999853134155,1.8559999465942383,1.0619800090789795,213.66600036621094,2.295490026473999,1.3430029153823853,0.8084400296211243,0.4625700116157532,93.06099700927734,0.585048496723175,1.3822699785232544,0.7908700108528137,321.4800109863281,159.11199951171875,17.371200561523438,9.496299743652344,3.6278700828552246,9.283040046691895,1.2732900381088257,44.638099670410156,16.377939224243164,0.0,0.0,0.0,0.0,0.0,0.0,0.0,0.0,0.0,0.0,0.0,0.0,0.0,0.0,0.0,0.0,0.0,0.0,0.0,0.0,0.0,0.0,0.0,0.0,0.0,0.0,0.0,0.0,0.0,0.0,0.0,0.0,0.0,0.0,0.0,0.0,0.0,0.0,0.0,0.9798399806022644,0.5598800182342529,112.85199737548828,1.2114200592041016,0.7093199491500854,115.30999755859375,1.7963000535964966,1.7566699981689453,202.5517120361328,1.6577500104904175,1.622789978981018,0.9257100224494934,0.8719000220298767,186.78199768066406,11.145099639892578,2.006730079650879,10.886110305786133,1.1741223335266113,1.9023799896240234,1.8631700277328491,1.062540054321289,214.45199584960938,2.303770065307617,1.3479087352752686,0.8098199963569641,0.46292001008987427,93.37000274658203,0.5869715809822083,1.3843200206756592,0.7913699746131897,322.8039855957031,159.36399841308594,17.40180015563965,9.516349792480469,3.6421000957489014,9.322030067443848,1.2756600379943848,44.68714904785156,16.470399856567383,0.9761000275611877,0.5565000176429749,112.39700317382812,1.2072999477386475,0.7054300308227539,114.97599792480469,1.7850769758224487,1.7467399835586548,201.10400390625,1.6507099866867065,1.6151000261306763,0.9218800067901611,0.8702999949455261,185.94000244140625,11.085949897766113,1.9961999654769897,10.805660247802734,1.1678149700164795,1.8959699869155884,1.8545000553131104,1.0583000183105469,213.54800415039062,2.2929000854492188,1.3412736654281616,0.807200014591217,0.460099995136261,92.9280014038086,0.5833600759506226,1.379930019378662,0.7854700088500977,319.27099609375,159.00900268554688,17.249399185180664,9.477849960327148,3.6107120513916016,9.208849906921387,1.2718900442123413,44.548728942871094,16.284799575805664,0.9778199791908264,0.559499979019165,112.55500030517578,1.209149956703186,0.7075598239898682,115.08399963378906,1.7867029905319214,1.7474900484085083,201.13430786132812,1.6523699760437012,1.615839958190918,0.9246399998664856,0.8705400228500366,185.9980010986328,11.097000122070312,1.9980299472808838,10.853699684143066,1.1691941022872925,1.89792001247406,1.8559499979019165,1.061959981918335,213.63699340820312,2.29502010345459,1.343021035194397,0.8085700273513794,0.4626699984073639,93.06700134277344,0.5851614475250244,1.3822100162506104,0.7908599972724915,321.51800537109375,159.08900451660156,17.37150001525879,9.490850448608398,3.627401113510132,9.283419609069824,1.2731599807739258,44.548728942871094,16.382699966430664,0.0,0.0,0.0,0.0,0.0,0.0,0.0,0.0,0.0,0.0,0.0,0.0,0.0,0.0,0.0,0.0,0.0,0.0,0.0,0.0,0.0,0.0,0.0,0.0,0.0,0.0,0.0,0.0,0.0,0.0,0.0,0.0,0.0,0.0,0.0,0.0,0.0,0.0,0.0,0,0,0,0,0,0,0,0,0,0,0,0,0,0,0,0,0,0,0,0,0,0,0,0,0,0,0,0,0,0,0,0,0,0,0,0,0,0,0
2026-04-13,0.9736400246620178,0.5563099980354309,112.08100128173828,1.2094199657440186,0.7019898295402527,115.09400177001953,1.7969449758529663,1.7500200271606445,201.43545532226562,1.663059949874878,1.619439959526062,0.92535001039505,0.8715999722480774,186.4239959716797,11.132800102233887,2.010999917984009,10.88949966430664,1.1675150394439697,1.90802001953125,1.8581000566482544,1.0614999532699585,213.8679962158203,2.307610034942627,1.339441180229187,0.8049200177192688,0.45982998609542847,92.65799713134766,0.5804302096366882,1.3872699737548828,0.7926099896430969,314.7030029296875,159.67999267578125,17.430500030517578,9.535550117492676,3.6458899974823,9.324589729309082,1.2776700258255005,44.69960021972656,16.547779083251953,0.0,0.0,0.0,0.0,0.0,0.0,0.0,0.0,0.0,0.0,0.0,0.0,0.0,0.0,0.0,0.0,0.0,0.0,0.0,0.0,0.0,0.0,0.0,0.0,0.0,0.0,0.0,0.0,0.0,0.0,0.0,0.0,0.0,0.0,0.0,0.0,0.0,0.0,0.0,0.9771999716758728,0.5578100085258484,112.80799865722656,1.209570050239563,0.7068301439285278,115.65499877929688,1.7993700504302979,1.754140019416809,202.83775329589844,1.6636099815368652,1.6204299926757812,0.9262599945068359,0.8721699714660645,187.06700134277344,11.142970085144043,2.0116500854492188,10.910309791564941,1.1719481945037842,1.9092400074005127,1.8615100383758545,1.0621299743652344,214.98599243164062,2.3076701164245605,1.3465473651885986,0.8085899949073792,0.4614900052547455,93.31500244140625,0.5848910808563232,1.3876299858093262,0.792900025844574,315.3800048828125,159.85000610351562,17.43950080871582,9.537650108337402,3.6461429595947266,9.336350440979004,1.277899980545044,44.72336959838867,16.611900329589844,0.9735000133514404,0.5552999973297119,112.05999755859375,1.2069000005722046,0.7017400860786438,115.08399963378906,1.791152000427246,1.7488000392913818,201.3953094482422,1.656499981880188,1.6161799430847168,0.92194002866745,0.8696600198745728,186.3990020751953,11.071499824523926,2.0023999214172363,10.78007984161377,1.167147159576416,1.9019299745559692,1.8568999767303467,1.0592000484466553,213.81300354003906,2.2976999282836914,1.3386881351470947,0.8047900199890137,0.4586000144481659,92.63099670410156,0.5801911354064941,1.3805500268936157,0.7870000004768372,309.4679870605469,159.51699829101562,17.324800491333008,9.46714973449707,3.6214001178741455,9.20044994354248,1.2734999656677246,44.65494918823242,16.469200134277344,0.9736499786376953,0.5563160181045532,112.0770034790039,1.2094500064849854,0.7020002603530884,115.08999633789062,1.7967510223388672,1.7497199773788452,201.3975067138672,1.6629199981689453,1.6194599866867065,0.9254199862480164,0.8716800212860107,186.3990020751953,11.132980346679688,2.0107998847961426,10.890130043029785,1.1672152280807495,1.9075499773025513,1.8575199842453003,1.0614999532699585,213.8260040283203,2.3073699474334717,1.3389569520950317,0.8049299716949463,0.4595000147819519,92.65299987792969,0.5802988409996033,1.3874900341033936,0.7928799986839294,314.7439880371094,159.69700622558594,17.435699462890625,9.537650108337402,3.6461429595947266,9.329580307006836,1.2778199911117554,44.69940185546875,16.56450080871582,0.0,0.0,0.0,0.0,0.0,0.0,0.0,0.0,0.0,0.0,0.0,0.0,0.0,0.0,0.0,0.0,0.0,0.0,0.0,0.0,0.0,0.0,0.0,0.0,0.0,0.0,0.0,0.0,0.0,0.0,0.0,0.0,0.0,0.0,0.0,0.0,0.0,0.0,0.0,0,0,0,0,0,0,0,0,0,0,0,0,0,0,0,0,0,0,0,0,0,0,0,0,0,0,0,0,0,0,0,0,0,0,0,0,0,0,0
2026-04-14,0.9785199761390686,0.555400013923645,113.02300262451172,1.209030032157898,0.7099298238754272,115.4800033569336,1.797268033027649,1.7599120140075684,203.25799560546875,1.6569000482559204,1.6219899654388428,0.9215400218963623,0.8704000115394592,187.3419952392578,11.103699684143066,2.0039000511169434,10.800250053405762,1.176885962486267,1.9036400318145752,1.8626999855041504,1.0584100484848022,215.18600463867188,2.3017799854278564,1.3515340089797974,0.8093680143356323,0.45976001024246216,93.46600341796875,0.5871990919113159,1.378499984741211,0.7832000255584717,307.95599365234375,159.21400451660156,17.277999877929688,9.437150001525879,3.6064000129699707,9.176730155944824,1.2714999914169312,44.702999114990234,16.38050079345703,0.0,0.0,0.0,0.0,0.0,0.0,0.0,0.0,0.0,0.0,0.0,0.0,0.0,0.0,0.0,0.0,0.0,0.0,0.0,0.0,0.0,0.0,0.0,0.0,0.0,0.0,0.0,0.0,0.0,0.0,0.0,0.0,0.0,0.0,0.0,0.0,0.0,0.0,0.0,0.9821500182151794,0.5571699738502502,113.4000015258789,1.2089699506759644,0.7148100733757019,115.59200286865234,1.8056080341339111,1.7645100355148315,203.87899780273438,1.6614799499511719,1.6236799955368042,0.9217000007629395,0.8712599873542786,187.50999450683594,11.148920059204102,2.0078001022338867,10.835559844970703,1.1810559034347534,1.9089900255203247,1.8680499792099,1.0601799488067627,215.781005859375,2.305540084838867,1.3588987588882446,0.8134179711341858,0.4615199863910675,93.91500091552734,0.5920803546905518,1.3788800239562988,0.7837600111961365,308.7699890136719,159.32400512695312,17.308910369873047,9.456910133361816,3.610650062561035,9.193779945373535,1.2742300033569336,44.73453903198242,16.423229217529297,0.9754559993743896,0.5532000064849854,112.62799835205078,1.204200029373169,0.7078002691268921,115.32099914550781,1.7927570343017578,1.7583940029144287,202.9720458984375,1.6516599655151367,1.6204999685287476,0.919439971446991,0.868399977684021,187.0800018310547,11.09119987487793,1.9940999746322632,10.776599884033203,1.1756960153579712,1.900439977645874,1.8616000413894653,1.0556000471115112,214.906005859375,2.293800115585327,1.3504297733306885,0.8073999881744385,0.45809999108314514,93.21900177001953,0.5857990384101868,1.3730000257492065,0.7789999842643738,306.8699951171875,158.60299682617188,17.197099685668945,9.397359848022461,3.5873000621795654,9.143819808959961,1.269700050354004,44.660499572753906,16.307300567626953,0.9782199859619141,0.5558599829673767,113.01300048828125,1.2089699506759644,0.7096375823020935,115.51200103759766,1.7983349561691284,1.7595499753952026,203.2519989013672,1.6571999788284302,1.6215900182724,0.92153000831604,0.8705499768257141,187.3459930419922,11.105600357055664,2.0039799213409424,10.801289558410645,1.176345944404602,1.9039700031280518,1.8624900579452515,1.0584399700164795,215.18699645996094,2.301919937133789,1.351186990737915,0.8090100288391113,0.45969000458717346,93.46499633789062,0.5869991183280945,1.3786699771881104,0.7834399938583374,308.2829895019531,159.26199340820312,17.294200897216797,9.44064998626709,3.6088199615478516,9.181400299072266,1.273550033569336,44.70280075073242,16.391010284423828,0.0,0.0,0.0,0.0,0.0,0.0,0.0,0.0,0.0,0.0,0.0,0.0,0.0,0.0,0.0,0.0,0.0,0.0,0.0,0.0,0.0,0.0,0.0,0.0,0.0,0.0,0.0,0.0,0.0,0.0,0.0,0.0,0.0,0.0,0.0,0.0,0.0,0.0,0.0,0,0,0,0,0,0,0,0,0,0,0,0,0,0,0,0,0,0,0,0,0,0,0,0,0,0,0,0,0,0,0,0,0,0,0,0,0,0,0
2026-04-15,0.9812399744987488,0.5566200017929077,113.20099639892578,1.2076499462127686,0.7129300832748413,115.34200286865234,1.7958159446716309,1.7626099586486816,203.33216857910156,1.6548999547958374,1.6240400075912476,0.9213200211524963,0.8691200017929077,187.35499572753906,11.130279541015625,1.9976999759674072,10.821669578552246,1.179940938949585,1.9040100574493408,1.8684899806976318,1.0599600076675415,215.56500244140625,2.2995400428771973,1.357533574104309,0.8124200105667114,0.46088001132011414,93.7229995727539,0.5903501510620117,1.3766100406646729,0.7809100151062012,307.5060119628906,158.79200744628906,17.253999710083008,9.432609558105469,3.5908501148223877,9.171310424804688,1.2707899808883667,44.7317008972168,16.319080352783203,0.0,0.0,0.0,0.0,0.0,0.0,0.0,0.0,0.0,0.0,0.0,0.0,0.0,0.0,0.0,0.0,0.0,0.0,0.0,0.0,0.0,0.0,0.0,0.0,0.0,0.0,0.0,0.0,0.0,0.0,0.0,0.0,0.0,0.0,0.0,0.0,0.0,0.0,0.0,0.9843299984931946,0.559686005115509,113.86799621582031,1.212380051612854,0.7166501879692078,115.74600219726562,1.7970420122146606,1.7644399404525757,203.56642150878906,1.655329942703247,1.6244800090789795,0.9224200248718262,0.8697599768638611,187.62899780273438,11.147899627685547,1.999690055847168,10.86143970489502,1.1810559034347534,1.9049899578094482,1.869339942932129,1.0607000589370728,215.82200622558594,2.3005800247192383,1.3579576015472412,0.8135499954223633,0.46175000071525574,93.95999908447266,0.5912611484527588,1.378730058670044,0.783079981803894,309.8970031738281,159.1529998779297,17.312000274658203,9.456350326538086,3.6033599376678467,9.222940444946289,1.272879958152771,44.753761291503906,16.433000564575195,0.9803000092506409,0.5558000206947327,113.0999984741211,1.2062000036239624,0.7122897505760193,115.27400207519531,1.7850769758224487,1.7572269439697266,203.00982666015625,1.6473900079727173,1.6205999851226807,0.91975998878479,0.8684999942779541,187.10499572753906,11.079999923706055,1.9946000576019287,10.803170204162598,1.177398681640625,1.8942999839782715,1.86381995677948,1.0577000379562378,215.2050018310547,2.2948999404907227,1.3544628620147705,0.8111000061035156,0.4595000147819519,93.66899871826172,0.5892890691757202,1.373420000076294,0.779699981212616,307.6199951171875,158.65199279785156,17.22960090637207,9.387149810791016,3.5815999507904053,9.151800155639648,1.270300030708313,44.72467041015625,16.310199737548828,0.9811800122261047,0.5561000108718872,113.1709976196289,1.2073999643325806,0.7129998207092285,115.3239974975586,1.795009970664978,1.7623499631881714,203.23800659179688,1.654860019683838,1.6238399744033813,0.9213700294494629,0.8690999746322632,187.30099487304688,11.131759643554688,1.9974000453948975,10.821880340576172,1.179815649986267,1.9039599895477295,1.8682500123977661,1.06003999710083,215.50100708007812,2.2990000247955322,1.357478380203247,0.8125,0.4609600007534027,93.71299743652344,0.5904512405395508,1.3765300512313843,0.781000018119812,307.7439880371094,158.76300048828125,17.256500244140625,9.434160232543945,3.590859889984131,9.172149658203125,1.270740032196045,44.73149871826172,16.321500778198242,0.0,0.0,0.0,0.0,0.0,0.0,0.0,0.0,0.0,0.0,0.0,0.0,0.0,0.0,0.0,0.0,0.0,0.0,0.0,0.0,0.0,0.0,0.0,0.0,0.0,0.0,0.0,0.0,0.0,0.0,0.0,0.0,0.0,0.0,0.0,0.0,0.0,0.0,0.0,0,0,0,0,0,0,0,0,0,0,0,0,0,0,0,0,0,0,0,0,0,0,0,0,0,0,0,0,0,0,0,0,0,0,0,0,0,0,0
2026-04-16,0.9850900173187256,0.5606269836425781,113.95099639892578,1.2137500047683716,0.7175799012184143,115.65399932861328,1.7834529876708984,1.7572599649429321,203.24520874023438,1.6452900171279907,1.6209299564361572,0.9224399924278259,0.8698400259017944,187.5030059814453,11.074199676513672,1.997040033340454,10.804149627685547,1.1809163093566895,1.8912800550460815,1.8631999492645264,1.0603200197219849,215.54400634765625,2.295599937438965,1.3573696613311768,0.8112000226974487,0.4617899954319,93.86799621582031,0.5912192463874817,1.373129963874817,0.7813100218772888,306.98699951171875,158.8090057373047,17.243600845336914,9.379549980163574,3.5848701000213623,9.150489807128906,1.270650029182434,44.72779846191406,16.350000381469727,0.0,0.0,0.0,0.0,0.0,0.0,0.0,0.0,0.0,0.0,0.0,0.0,0.0,0.0,0.0,0.0,0.0,0.0,0.0,0.0,0.0,0.0,0.0,0.0,0.0,0.0,0.0,0.0,0.0,0.0,0.0,0.0,0.0,0.0,0.0,0.0,0.0,0.0,0.0,0.9867799878120422,0.5621160268783569,114.23500061035156,1.2183400392532349,0.7196600437164307,116.14800262451172,1.7858099937438965,1.758239984512329,203.38510131835938,1.6467900276184082,1.621269941329956,0.923520028591156,0.87117999792099,187.531005859375,11.085550308227539,2.0007801055908203,10.82865047454834,1.182382583618164,1.8929699659347534,1.8641599416732788,1.0618200302124023,215.70399475097656,2.301640033721924,1.3594344854354858,0.8120700120925903,0.4620800018310547,93.95099639892578,0.5922696590423584,1.3737599849700928,0.7842699885368347,310.1730041503906,159.28700256347656,17.2933292388916,9.409460067749023,3.603250026702881,9.193360328674316,1.2730000019073486,44.791099548339844,16.440900802612305,0.9818999767303467,0.5598400235176086,113.75499725341797,1.2122999429702759,0.7161497473716736,115.40799713134766,1.7771459817886353,1.7479280233383179,202.7728271484375,1.6404999494552612,1.6137499809265137,0.9214900135993958,0.8690099716186523,187.11900329589844,11.016599655151367,1.9944000244140625,10.779760360717773,1.176955223083496,1.8855299949645996,1.852970004081726,1.0582300424575806,215.13099670410156,2.293100118637085,1.3519177436828613,0.8068299889564514,0.45980000495910645,93.60299682617188,0.5883806943893433,1.3705799579620361,0.7799000144004822,306.6969909667969,158.2779998779297,17.20870018005371,9.35474967956543,3.5808000564575195,9.117030143737793,1.2685999870300293,44.73014831542969,16.30389976501465,0.985010027885437,0.5605199933052063,113.9260025024414,1.2135000228881836,0.7175397276878357,115.63600158691406,1.7835170030593872,1.757290005683899,203.21908569335938,1.645509958267212,1.621269941329956,0.922469973564148,0.8698400259017944,187.48399353027344,11.076399803161621,1.9967999458312988,10.801400184631348,1.1807769536972046,1.8915300369262695,1.8637900352478027,1.060439944267273,215.52857971191406,2.2953999042510986,1.3574230670928955,0.8116199970245361,0.46184998750686646,93.86900329589844,0.5913205742835999,1.3731000423431396,0.781279981136322,307.24200439453125,158.7830047607422,17.243499755859375,9.381119728088379,3.5847299098968506,9.148050308227539,1.270490050315857,44.73014831542969,16.356470108032227,0.0,0.0,0.0,0.0,0.0,0.0,0.0,0.0,0.0,0.0,0.0,0.0,0.0,0.0,0.0,0.0,0.0,0.0,0.0,0.0,0.0,0.0,0.0,0.0,0.0,0.0,0.0,0.0,0.0,0.0,0.0,0.0,0.0,0.0,0.0,0.0,0.0,0.0,0.0,0,0,0,0,0,0,0,0,0,0,0,0,0,0,0,0,0,0,0,0,0,0,0,0,0,0,0,0,0,0,0,0,0,0,0,0,0,0,0
2026-04-17,0.9807900190353394,0.5606099963188171,113.96199798583984,1.21628999710083,0.7159000635147095,116.19000244140625,1.7831670045852661,1.7489609718322754,203.24000549316406,1.645609974861145,1.613700032234192,0.9225999712944031,0.8709800243377686,187.55799865722656,11.019149780273438,2.0009000301361084,10.829440116882324,1.1782727241516113,1.8891199827194214,1.8526999950408936,1.0592000484466553,215.31900024414062,2.297600030899048,1.3526124954223633,0.8062199950218201,0.46059998869895935,93.68099975585938,0.5886092185974121,1.3700400590896606,0.7832000255584717,309.25201416015625,159.19500732421875,17.249399185180664,9.353759765625,3.5954999923706055,9.191889762878418,1.2731200456619263,44.8484992980957,16.39929962158203,0.0,0.0,0.0,0.0,0.0,0.0,0.0,0.0,0.0,0.0,0.0,0.0,0.0,0.0,0.0,0.0,0.0,0.0,0.0,0.0,0.0,0.0,0.0,0.0,0.0,0.0,0.0,0.0,0.0,0.0,0.0,0.0,0.0,0.0,0.0,0.0,0.0,0.0,0.0,0.986270010471344,0.5621899962425232,114.3681411743164,1.2190300226211548,0.7221598625183105,116.5719985961914,1.7852360010147095,1.7565699815750122,203.6179962158203,1.6460599899291992,1.6181800365447998,0.9231299757957458,0.8723099827766418,187.93499755859375,11.09119987487793,2.0050899982452393,10.832429885864258,1.1851149797439575,1.889490008354187,1.8568300008773804,1.0595200061798096,215.65899658203125,2.2990200519561768,1.3598597049713135,0.8094499707221985,0.46136000752449036,93.92500305175781,0.5929685831069946,1.370270013809204,0.7839900255203247,309.90399169921875,159.51499938964844,17.2549991607666,9.38444995880127,3.601180076599121,9.197290420532227,1.273300051689148,44.88240051269531,16.44099998474121,0.9797999858856201,0.5598000288009644,113.50499725341797,1.2151000499725342,0.7154800295829773,115.32099914550781,1.7771459817886353,1.7451210021972656,202.5285186767578,1.6395000219345093,1.61080002784729,0.919510006904602,0.8703699707984924,186.33999633789062,11.00730037689209,1.99590003490448,10.745650291442871,1.1772878170013428,1.8812400102615356,1.847499966621399,1.055840015411377,214.0399932861328,2.2914700508117676,1.3505666255950928,0.8041999936103821,0.45899999141693115,93.30000305175781,0.5881211161613464,1.364989995956421,0.7775400280952454,303.71099853515625,157.61199951171875,17.125240325927734,9.320549964904785,3.5655999183654785,9.084449768066406,1.2667299509048462,44.81019973754883,16.141199111938477,0.9805799722671509,0.560670018196106,113.95899963378906,1.216189980506897,0.7158001661300659,116.20099639892578,1.7831900119781494,1.7488800287246704,203.23580932617188,1.6454700231552124,1.6133999824523926,0.9226499795913696,0.8710100054740906,187.54400634765625,11.024809837341309,2.001310110092163,10.827280044555664,1.1778979301452637,1.8890299797058105,1.8525199890136719,1.0591599941253662,215.30099487304688,2.2975900173187256,1.3522651195526123,0.8062430024147034,0.4609529972076416,93.68599700927734,0.5885607600212097,1.3700000047683716,0.7833099961280823,309.4129943847656,159.2239990234375,17.249799728393555,9.356240272521973,3.5961999893188477,9.192090034484863,1.2727999687194824,44.84859848022461,16.4064998626709,0.0,0.0,0.0,0.0,0.0,0.0,0.0,0.0,0.0,0.0,0.0,0.0,0.0,0.0,0.0,0.0,0.0,0.0,0.0,0.0,0.0,0.0,0.0,0.0,0.0,0.0,0.0,0.0,0.0,0.0,0.0,0.0,0.0,0.0,0.0,0.0,0.0,0.0,0.0,0,0,0,0,0,0,0,0,0,0,0,0,0,0,0,0,0,0,0,0,0,0,0,0,0,0,0,0,0,0,0,0,0,0,0,0,0,0,0
2026-04-20,0.9775400161743164,0.5588809847831726,113.52999877929688,1.21628999710083,0.7134998440742493,116.10900115966797,1.7885099649429321,1.748710036277771,203.03433227539062,1.6455800533294678,1.6087000370025635,0.9200000166893005,0.8707000017166138,186.843994140625,11.012370109558105,2.0007998943328857,10.797100067138672,1.1741223335266113,1.8898999691009521,1.8479100465774536,1.0565600395202637,214.583251953125,2.298719882965088,1.348435878753662,0.803600013256073,0.4595099985599518,93.3280029296875,0.5865206122398376,1.3704999685287476,0.7836599946022034,307.6000061035156,159.16099548339844,17.372299194335938,9.379599571228027,3.602220058441162,9.19242000579834,1.273550033569336,44.85419845581055,16.417299270629883,0.0,0.0,0.0,0.0,0.0,0.0,0.0,0.0,0.0,0.0,0.0,0.0,0.0,0.0,0.0,0.0,0.0,0.0,0.0,0.0,0.0,0.0,0.0,0.0,0.0,0.0,0.0,0.0,0.0,0.0,0.0,0.0,0.0,0.0,0.0,0.0,0.0,0.0,0.0,0.9809160232543945,0.5600039958953857,113.83999633789062,1.219040036201477,0.7178998589515686,116.28600311279297,1.793220043182373,1.755370020866394,203.9219970703125,1.6461100578308105,1.6117700338363647,0.9205099940299988,0.8715599775314331,187.07699584960938,11.041899681091309,2.0045599937438965,10.802619934082031,1.1791062355041504,1.8898099660873413,1.851830005645752,1.056839942932129,214.87399291992188,2.302079916000366,1.3544628620147705,0.805679976940155,0.46009600162506104,93.48600006103516,0.5896191596984863,1.3705500364303589,0.7836800217628479,308.93798828125,159.177001953125,17.37299919128418,9.396750450134277,3.6049399375915527,9.194290161132812,1.2735400199890137,44.89120101928711,16.4242000579834,0.9775980114936829,0.5570999979972839,113.54399871826172,1.2151999473571777,0.7133889198303223,115.90799713134766,1.7838029861450195,1.7482399940490723,202.82525634765625,1.6421799659729004,1.607509970664978,0.9162999987602234,0.8700900077819824,186.72999572753906,10.961700439453125,1.9982000589370728,10.747900009155273,1.1739156246185303,1.886240005493164,1.8464800119400024,1.0526700019836426,214.33399963378906,2.2950000762939453,1.3481813669204712,0.8029000163078308,0.4578000009059906,93.197998046875,0.5864483118057251,1.3642499446868896,0.777400016784668,306.64300537109375,158.55099487304688,17.30069923400879,9.301919937133789,3.585700035095215,9.11769962310791,1.2694000005722046,44.80622100830078,16.306400299072266,0.9776999950408936,0.5590800046920776,113.5479965209961,1.2163000106811523,0.7134998440742493,116.10600280761719,1.788012981414795,1.7485699653625488,203.03799438476562,1.6451900005340576,1.6087199449539185,0.9199900031089783,0.8706200122833252,186.8000030517578,11.007800102233887,2.0011401176452637,10.788880348205566,1.1739156246185303,1.8895299434661865,1.8475300073623657,1.0565199851989746,214.5749969482422,2.298150062561035,1.348435878753662,0.8037999868392944,0.45961999893188477,93.33399963378906,0.5866203904151917,1.3705500364303589,0.7836800217628479,307.7650146484375,159.1529998779297,17.370800018310547,9.377650260925293,3.6008501052856445,9.190810203552246,1.2734999656677246,44.85430145263672,16.421600341796875,0.0,0.0,0.0,0.0,0.0,0.0,0.0,0.0,0.0,0.0,0.0,0.0,0.0,0.0,0.0,0.0,0.0,0.0,0.0,0.0,0.0,0.0,0.0,0.0,0.0,0.0,0.0,0.0,0.0,0.0,0.0,0.0,0.0,0.0,0.0,0.0,0.0,0.0,0.0,0,0,0,0,0,0,0,0,0,0,0,0,0,0,0,0,0,0,0,0,0,0,0,0,0,0,0,0,0,0,0,0,0,0,0,0,0,0,0
2026-04-21,0.9786999821662903,0.5584400296211243,113.95099639892578,1.21465003490448,0.7174198627471924,116.41200256347656,1.790094017982483,1.7523499727249146,204.0019989013672,1.6425199508666992,1.6077500581741333,0.9174100160598755,0.8708599805831909,187.18600463867188,10.962499618530273,1.9944000244140625,10.746959686279297,1.1784392595291138,1.8859399557113647,1.8459199666976929,1.0532599687576294,214.93099975585938,2.2909300327301025,1.3531250953674316,0.8056300282478333,0.45965999364852905,93.7979965209961,0.590639591217041,1.364400029182434,0.7785099744796753,306.1050109863281,158.843994140625,17.309799194335938,9.302289962768555,3.588599920272827,9.119660377502441,1.2700400352478027,44.885501861572266,16.354000091552734,0.0,0.0,0.0,0.0,0.0,0.0,0.0,0.0,0.0,0.0,0.0,0.0,0.0,0.0,0.0,0.0,0.0,0.0,0.0,0.0,0.0,0.0,0.0,0.0,0.0,0.0,0.0,0.0,0.0,0.0,0.0,0.0,0.0,0.0,0.0,0.0,0.0,0.0,0.0,0.9797700047492981,0.5594329833984375,114.28800201416016,1.2146400213241577,0.7184202075004578,116.84200286865234,1.7934969663619995,1.7526229619979858,204.41226196289062,1.6456999778747559,1.6078100204467773,0.9181299805641174,0.8719000220298767,187.33900451660156,10.994540214538574,1.9954700469970703,10.771889686584473,1.178828239440918,1.888800024986267,1.8463900089263916,1.0549299716949463,215.4010009765625,2.290519952774048,1.3538193702697754,0.8076450228691101,0.46094000339508057,94.1760025024414,0.5921399593353271,1.3663500547409058,0.7806299924850464,309.2460021972656,159.43099975585938,17.343599319458008,9.347450256347656,3.6072499752044678,9.1668701171875,1.2734299898147583,44.9098014831543,16.464399337768555,0.9761000275611877,0.5569999814033508,113.68900299072266,1.2101999521255493,0.714459240436554,116.3489990234375,1.7863520383834839,1.7481739521026611,203.79617309570312,1.6385899782180786,1.6029000282287598,0.9162600040435791,0.86940997838974,186.99000549316406,10.95580005645752,1.9880399703979492,10.739899635314941,1.174315333366394,1.8833099603652954,1.8423000574111938,1.052299976348877,214.63699340820312,2.2841999530792236,1.348617672920227,0.8047000169754028,0.4593000113964081,93.75463104248047,0.5897095799446106,1.3632700443267822,0.7782999873161316,306.2569885253906,158.80299377441406,17.27829933166504,9.30447006225586,3.586699962615967,9.111390113830566,1.2695000171661377,44.875389099121094,16.337200164794922,0.9787499904632568,0.5585200190544128,113.97899627685547,1.2145299911499023,0.7175500392913818,116.43299865722656,1.7897089719772339,1.7521300315856934,204.0304718017578,1.6421899795532227,1.6074299812316895,0.9173600077629089,0.8708999752998352,187.19500732421875,10.973400115966797,1.9945100545883179,10.74905014038086,1.178383708000183,1.8855299949645996,1.8457900285720825,1.0531500577926636,214.92799377441406,2.2901198863983154,1.3530151844024658,0.8058099746704102,0.45982998609542847,93.8280029296875,0.5908105373382568,1.364240050315857,0.7785000205039978,306.2640075683594,158.85400390625,17.307899475097656,9.30447006225586,3.5889599323272705,9.122639656066895,1.2701200246810913,44.88880157470703,16.351600646972656,0.0,0.0,0.0,0.0,0.0,0.0,0.0,0.0,0.0,0.0,0.0,0.0,0.0,0.0,0.0,0.0,0.0,0.0,0.0,0.0,0.0,0.0,0.0,0.0,0.0,0.0,0.0,0.0,0.0,0.0,0.0,0.0,0.0,0.0,0.0,0.0,0.0,0.0,0.0,0,0,0,0,0,0,0,0,0,0,0,0,0,0,0,0,0,0,0,0,0,0,0,0,0,0,0,0,0,0,0,0,0,0,0,0,0,0,0
2026-04-22,0.9771699905395508,0.5585579872131348,114.03800201416016,1.213320016860962,0.7156198024749756,116.68199920654297,1.7899010181427002,1.7495299577713013,204.1439971923828,1.6410599946975708,1.6038399934768677,0.9166399836540222,0.8693000078201294,187.16600036621094,10.958800315856934,1.9911799430847168,10.781310081481934,1.174425721168518,1.887619972229004,1.8447500467300415,1.0542800426483154,215.28700256347656,2.290440082550049,1.3509680032730103,0.8052899837493896,0.46000000834465027,93.97699737548828,0.5898104310035706,1.3657599687576294,0.7805500030517578,309.5220031738281,159.3730010986328,17.32029914855957,9.331620216369629,3.606679916381836,9.179929733276367,1.2732900381088257,44.9192008972168,16.466339111328125,0.0,0.0,0.0,0.0,0.0,0.0,0.0,0.0,0.0,0.0,0.0,0.0,0.0,0.0,0.0,0.0,0.0,0.0,0.0,0.0,0.0,0.0,0.0,0.0,0.0,0.0,0.0,0.0,0.0,0.0,0.0,0.0,0.0,0.0,0.0,0.0,0.0,0.0,0.0,0.9793009757995605,0.5610169768333435,114.23300170898438,1.2130500078201294,0.7177998423576355,116.78399658203125,1.7904200553894043,1.7514400482177734,204.3070068359375,1.6412500143051147,1.6050200462341309,0.9184899926185608,0.8694300055503845,187.3090057373047,10.965200424194336,1.9904600381851196,10.784680366516113,1.176110863685608,1.8886799812316895,1.8471599817276,1.0579999685287476,215.66200256347656,2.2901899814605713,1.3535462617874146,0.8082190155982971,0.4629499912261963,94.31099700927734,0.5923398733139038,1.3671599626541138,0.7834799885749817,311.69000244140625,159.50399780273438,17.345800399780273,9.337349891662598,3.624079942703247,9.199219703674316,1.275189995765686,44.92462921142578,16.518619537353516,0.9763000011444092,0.5579000115394592,113.8499984741211,1.2096999883651733,0.7147099375724792,116.48100280761719,1.7812609672546387,1.74298095703125,203.41400146484375,1.6353000402450562,1.599869966506958,0.9160299897193909,0.8672999739646912,186.7519989013672,10.87440013885498,1.9811999797821045,10.748940467834473,1.1713716983795166,1.8847099542617798,1.843649983406067,1.0535000562667847,214.9340057373047,2.283400058746338,1.3493455648422241,0.8055199980735779,0.45989999175071716,93.98799896240234,0.5899704694747925,1.364300012588501,0.77920001745224,308.49798583984375,159.10400390625,17.26799964904785,9.263649940490723,3.5971999168395996,9.14188003540039,1.2716000080108643,44.89524841308594,16.396400451660156,0.9774829745292664,0.5585770010948181,114.04199981689453,1.2130000591278076,0.7157699465751648,116.66600036621094,1.7898050546646118,1.749750018119812,204.16099548339844,1.6408799886703491,1.603950023651123,0.9165899753570557,0.8692399859428406,187.1510009765625,10.958399772644043,1.9904600381851196,10.780170440673828,1.1745774745941162,1.8875399827957153,1.8452399969100952,1.0544300079345703,215.29400634765625,2.2898600101470947,1.3512235879898071,0.805620014667511,0.4603999853134155,94.00199890136719,0.5901097655296326,1.3656599521636963,0.780430018901825,309.20098876953125,159.33799743652344,17.31385040283203,9.329839706420898,3.605839967727661,9.178279876708984,1.2731000185012817,44.91910171508789,16.457609176635742,0.0,0.0,0.0,0.0,0.0,0.0,0.0,0.0,0.0,0.0,0.0,0.0,0.0,0.0,0.0,0.0,0.0,0.0,0.0,0.0,0.0,0.0,0.0,0.0,0.0,0.0,0.0,0.0,0.0,0.0,0.0,0.0,0.0,0.0,0.0,0.0,0.0,0.0,0.0,0,0,0,0,0,0,0,0,0,0,0,0,0,0,0,0,0,0,0,0,0,0,0,0,0,0,0,0,0,0,0,0,0,0,0,0,0,0,0
2026-04-23,0.978190004825592,0.5616300106048584,114.14199829101562,1.212030053138733,0.7158001661300659,116.66300201416016,1.7799930572509766,1.7415499687194824,203.1910858154297,1.6353399753570557,1.6001399755477905,0.9186499714851379,0.8670399785041809,186.68600463867188,10.884739875793457,1.9811999797821045,10.772589683532715,1.1706037521362305,1.8858699798583984,1.8449699878692627,1.0593500137329102,215.2969970703125,2.285830020904541,1.3500378131866455,0.8069499731063843,0.4633199870586395,94.15399932861328,0.5905802845954895,1.3669699430465698,0.784820020198822,310.84600830078125,159.48800659179688,17.340700149536133,9.296250343322754,3.6243600845336914,9.202190399169922,1.2757200002670288,44.920101165771484,16.462299346923828,0.0,0.0,0.0,0.0,0.0,0.0,0.0,0.0,0.0,0.0,0.0,0.0,0.0,0.0,0.0,0.0,0.0,0.0,0.0,0.0,0.0,0.0,0.0,0.0,0.0,0.0,0.0,0.0,0.0,0.0,0.0,0.0,0.0,0.0,0.0,0.0,0.0,0.0,0.0,0.9797000288963318,0.5619019865989685,114.2509994506836,1.2175400257110596,0.7165700197219849,116.8949966430664,1.7844079732894897,1.7459299564361572,203.6436309814453,1.6385799646377563,1.602239966392517,0.9192000031471252,0.8677999973297119,186.94200134277344,10.941399574279785,1.9918400049209595,10.815170288085938,1.1716461181640625,1.8910499811172485,1.8483799695968628,1.0607500076293945,215.7259979248047,2.2988901138305664,1.3518263101577759,0.8073819875717163,0.4634999930858612,94.18399810791016,0.5910095572471619,1.3687800168991089,0.7859500050544739,313.4309997558594,159.7760009765625,17.403600692749023,9.355649948120117,3.6382200717926025,9.250249862670898,1.2773900032043457,44.92523956298828,16.57979965209961,0.9753999710083008,0.5600000023841858,113.84600067138672,1.2115000486373901,0.7134097814559937,116.4749984741211,1.7784099578857422,1.7392799854278564,202.955322265625,1.6342999935150146,1.5963000059127808,0.9170399904251099,0.865369975566864,186.43899536132812,10.856499671936035,1.9812999963760376,10.773799896240234,1.167924165725708,1.8843899965286255,1.8422900438308716,1.057569980621338,215.05999755859375,2.285569906234741,1.3479633331298828,0.8026000261306763,0.4602999985218048,93.64600372314453,0.5869888067245483,1.3660199642181396,0.7831000089645386,310.4930114746094,159.29800415039062,17.31839942932129,9.275839805603027,3.615000009536743,9.196069717407227,1.2745000123977661,44.90441131591797,16.435779571533203,0.9783400297164917,0.5615699887275696,114.13099670410156,1.2119799852371216,0.7156699895858765,116.66200256347656,1.780087947845459,1.7415800094604492,203.196044921875,1.635509967803955,1.6001399755477905,0.9186599850654602,0.8670799732208252,186.68899536132812,10.88815975189209,1.9821699857711792,10.777999877929688,1.1704941987991333,1.8859800100326538,1.844939947128296,1.0593700408935547,215.28700256347656,2.2859299182891846,1.3498555421829224,0.8069300055503845,0.46334999799728394,94.1510009765625,0.5905104875564575,1.3671000003814697,0.7848799824714661,311.12298583984375,159.49400329589844,17.34160041809082,9.302900314331055,3.6252400875091553,9.2076997756958,1.2757699489593506,44.92060089111328,16.473100662231445,0.0,0.0,0.0,0.0,0.0,0.0,0.0,0.0,0.0,0.0,0.0,0.0,0.0,0.0,0.0,0.0,0.0,0.0,0.0,0.0,0.0,0.0,0.0,0.0,0.0,0.0,0.0,0.0,0.0,0.0,0.0,0.0,0.0,0.0,0.0,0.0,0.0,0.0,0.0,0,0,0,0,0,0,0,0,0,0,0,0,0,0,0,0,0,0,0,0,0,0,0,0,0,0,0,0,0,0,0,0,0,0,0,0,0,0,0
2026-04-24,0.976606011390686,0.5605459809303284,113.86900329589844,1.2179900407791138,0.7129616141319275,116.60700225830078,1.78377103805542,1.7420300245285034,203.14700317382812,1.6387699842453003,1.6002899408340454,0.9186000227928162,0.8675900101661682,186.6479949951172,10.901169776916504,1.9959299564361572,10.815010070800781,1.16838800907135,1.8886499404907227,1.8443299531936646,1.058590054512024,215.11900329589844,2.300450086593628,1.3466380834579468,0.801580011844635,0.4601300060749054,93.4729995727539,0.5853807330131531,1.3698400259017944,0.7862399816513062,312.7179870605469,159.7469940185547,17.41469955444336,9.327079772949219,3.6305999755859375,9.256400108337402,1.2777999639511108,44.975799560546875,16.626039505004883,0.0,0.0,0.0,0.0,0.0,0.0,0.0,0.0,0.0,0.0,0.0,0.0,0.0,0.0,0.0,0.0,0.0,0.0,0.0,0.0,0.0,0.0,0.0,0.0,0.0,0.0,0.0,0.0,0.0,0.0,0.0,0.0,0.0,0.0,0.0,0.0,0.0,0.0,0.0,0.978630006313324,0.5615919828414917,113.98600006103516,1.2185300588607788,0.7155399322509766,116.7249984741211,1.78501296043396,1.7429200410842896,203.2699737548828,1.641819953918457,1.6038299798965454,0.921459972858429,0.8682299852371216,186.8719940185547,10.96399974822998,1.9987599849700928,10.842829704284668,1.17205810546875,1.8928899765014648,1.8498200178146362,1.0622199773788452,215.4669952392578,2.3033599853515625,1.3519724607467651,0.8042799830436707,0.4617699980735779,93.6760025024414,0.5881314873695374,1.3713200092315674,0.787559986114502,314.6300048828125,159.83700561523438,17.45170021057129,9.358949661254883,3.6352500915527344,9.27632999420166,1.2790600061416626,45.02473831176758,16.679500579833984,0.9753000140190125,0.5595999956130981,113.68699645996094,1.2145999670028687,0.7115599513053894,116.40899658203125,1.7787259817123413,1.7386000156402588,202.65499877929688,1.6378300189971924,1.5990999937057495,0.9182999730110168,0.8666899800300598,186.4499969482422,10.899999618530273,1.9925999641418457,10.802800178527832,1.1673243045806885,1.8875800371170044,1.8442000150680542,1.0582000017166138,214.94000244140625,2.296570062637329,1.3454241752624512,0.8007000088691711,0.459199994802475,93.31999969482422,0.5841497182846069,1.367300033569336,0.784500002861023,310.4339904785156,159.33599853515625,17.379899978637695,9.325679779052734,3.615299940109253,9.217000007629395,1.2755999565124512,44.878868103027344,16.4906005859375,0.9765899777412415,0.5605300068855286,113.89600372314453,1.2178399562835693,0.7131701111793518,116.61599731445312,1.7833260297775269,1.741979956626892,203.14599609375,1.6382399797439575,1.600160002708435,0.9185699820518494,0.8675199747085571,186.64100646972656,10.903570175170898,1.995129942893982,10.8154296875,1.1684017181396484,1.8883399963378906,1.844290018081665,1.058750033378601,215.13099670410156,2.299690008163452,1.346765160560608,0.8017600178718567,0.46029001474380493,93.50700378417969,0.5856207013130188,1.3697099685668945,0.7862100005149841,312.7120056152344,159.74200439453125,17.414499282836914,9.331660270690918,3.6304399967193604,9.256790161132812,1.2777299880981445,44.975799560546875,16.613340377807617,0.0,0.0,0.0,0.0,0.0,0.0,0.0,0.0,0.0,0.0,0.0,0.0,0.0,0.0,0.0,0.0,0.0,0.0,0.0,0.0,0.0,0.0,0.0,0.0,0.0,0.0,0.0,0.0,0.0,0.0,0.0,0.0,0.0,0.0,0.0,0.0,0.0,0.0,0.0,0,0,0,0,0,0,0,0,0,0,0,0,0,0,0,0,0,0,0,0,0,0,0,0,0,0,0,0,0,0,0,0,0,0,0,0,0,0,0
2026-04-27,0.9768199920654297,0.5616700053215027,113.97899627685547,1.216770052909851,0.7143500447273254,116.66600036621094,1.7797080278396606,1.7389800548553467,202.9010009765625,1.63864004611969,1.6007000207901,0.9205999970436096,0.866159975528717,186.80799865722656,10.886859893798828,1.9931999444961548,10.814399719238281,1.1706448793411255,1.8917399644851685,1.8480900526046753,1.0626399517059326,215.64700317382812,2.3020501136779785,1.3515102863311768,0.8025000095367432,0.46129998564720154,93.65899658203125,0.5870887637138367,1.3675999641418457,0.786300003528595,311.3970031738281,159.5760040283203,17.41345977783203,9.285030364990234,3.6242198944091797,9.241800308227539,1.2770999670028687,45.01279830932617,16.586389541625977,0.0,0.0,0.0,0.0,0.0,0.0,0.0,0.0,0.0,0.0,0.0,0.0,0.0,0.0,0.0,0.0,0.0,0.0,0.0,0.0,0.0,0.0,0.0,0.0,0.0,0.0,0.0,0.0,0.0,0.0,0.0,0.0,0.0,0.0,0.0,0.0,0.0,0.0,0.0,0.9802799820899963,0.564287006855011,114.56400299072266,1.2178150415420532,0.7202016711235046,117.0790023803711,1.7799299955368042,1.741569995880127,203.21400451660156,1.6387399435043335,1.602720022201538,0.9216099977493286,0.8674399852752686,187.08799743652344,10.920299530029297,1.9939299821853638,10.821769714355469,1.1756407022476196,1.8917900323867798,1.8506200313568115,1.0640699863433838,216.03500366210938,2.301909923553467,1.3575890064239502,0.8058859705924988,0.4643000066280365,94.27899932861328,0.5924205780029297,1.3677799701690674,0.7864500284194946,311.822998046875,159.5749969482422,17.41230010986328,9.325200080871582,3.624300003051758,9.24055004119873,1.2770500183105469,45.03676986694336,16.586570739746094,0.9767600297927856,0.5612999796867371,113.95700073242188,1.2137000560760498,0.7142897844314575,116.44999694824219,1.7705379724502563,1.733307957649231,202.76214599609375,1.6309399604797363,1.5967600345611572,0.9197499752044678,0.86558997631073,186.6699981689453,10.858499526977539,1.981909990310669,10.780500411987305,1.1705901622772217,1.8833400011062622,1.841729998588562,1.0615999698638916,215.50999450683594,2.2883501052856445,1.3513513803482056,0.8026800155639648,0.4609000086784363,93.65799713134766,0.5870715379714966,1.3597999811172485,0.7829999923706055,308.8599853515625,159.08999633789062,17.33639907836914,9.24215030670166,3.609299898147583,9.17704963684082,1.2719999551773071,44.934329986572266,16.451000213623047,0.9767600297927856,0.5616499781608582,113.96800231933594,1.216689944267273,0.7142897844314575,116.66100311279297,1.7798340320587158,1.7389400005340576,202.8939971923828,1.6387300491333008,1.600909948348999,0.9204999804496765,0.8661699891090393,186.80099487304688,10.868800163269043,1.9939299821853638,10.81410026550293,1.1705901622772217,1.8917900323867798,1.8480099439620972,1.0626300573349,215.6300048828125,2.301909923553467,1.351387858390808,0.8026800155639648,0.46129998564720154,93.65799713134766,0.5870715379714966,1.3677799701690674,0.7864500284194946,311.822998046875,159.5749969482422,17.41230010986328,9.288100242614746,3.624300003051758,9.23781967163086,1.2770500183105469,45.01259994506836,16.586570739746094,0.0,0.0,0.0,0.0,0.0,0.0,0.0,0.0,0.0,0.0,0.0,0.0,0.0,0.0,0.0,0.0,0.0,0.0,0.0,0.0,0.0,0.0,0.0,0.0,0.0,0.0,0.0,0.0,0.0,0.0,0.0,0.0,0.0,0.0,0.0,0.0,0.0,0.0,0.0,0,0,0,0,0,0,0,0,0,0,0,0,0,0,0,0,0,0,0,0,0,0,0,0,0,0,0,0,0,0,0,0,0,0,0,0,0,0,0
2026-04-28,0.9793400168418884,0.564674973487854,114.58399963378906,1.2162400484085083,0.7190897464752197,116.98100280761719,1.7705700397491455,1.7343699932098389,202.8754119873047,1.63018000125885,1.596709966659546,0.9205800294876099,0.865909993648529,186.78500366210938,10.87660026550293,1.982800006866455,10.802149772644043,1.1723467111587524,1.8825299739837646,1.8440099954605103,1.0630600452423096,215.73399353027344,2.2896900177001953,1.3538211584091187,0.8051400184631348,0.46417999267578125,94.19999694824219,0.5912611484527588,1.362149953842163,0.785290002822876,310.07000732421875,159.35699462890625,17.37700080871582,9.276820182800293,3.618839979171753,9.211050033569336,1.2739700078964233,45.02980041503906,16.527799606323242,0.0,0.0,0.0,0.0,0.0,0.0,0.0,0.0,0.0,0.0,0.0,0.0,0.0,0.0,0.0,0.0,0.0,0.0,0.0,0.0,0.0,0.0,0.0,0.0,0.0,0.0,0.0,0.0,0.0,0.0,0.0,0.0,0.0,0.0,0.0,0.0,0.0,0.0,0.0,0.9816470146179199,0.567156970500946,114.70099639892578,1.2203400135040283,0.7195000648498535,117.06099700927734,1.7713849544525146,1.7346400022506714,202.99000549316406,1.6337599754333496,1.60247004032135,0.9250100255012512,0.8677099943161011,186.9320068359375,10.931670188903809,1.9918899536132812,10.871970176696777,1.1728830337524414,1.8853600025177002,1.8480700254440308,1.0672199726104736,215.81500244140625,2.298029899597168,1.3542795181274414,0.8055670261383057,0.46518999338150024,94.28099822998047,0.5918490290641785,1.3691099882125854,0.791100025177002,313.14801025390625,159.78399658203125,17.46299934387207,9.338410377502441,3.637049913406372,9.295249938964844,1.2783499956130981,45.05474853515625,16.645000457763672,0.9771000146865845,0.5640000104904175,114.08200073242188,1.214900016784668,0.7152206301689148,116.60600280761719,1.7614940404891968,1.72632896900177,201.72203063964844,1.6289399862289429,1.5938600301742554,0.9204000234603882,0.8653600215911865,186.08700561523438,10.861599922180176,1.9809000492095947,10.7979097366333,1.1678286790847778,1.8796000480651855,1.8408000469207764,1.0627000331878662,214.9739990234375,2.2871999740600586,1.3464386463165283,0.8021000027656555,0.4629899859428406,93.68000030517578,0.5867304801940918,1.3612500429153442,0.7848899960517883,310.07000732421875,158.97000122070312,17.358200073242188,9.271769523620605,3.6171000003814697,9.207599639892578,1.2733999490737915,45.00960159301758,16.45989990234375,0.9792799949645996,0.5645700097084045,114.5770034790039,1.21589994430542,0.7190400958061218,116.9800033569336,1.7706949710845947,1.734410047531128,202.87875366210938,1.63031005859375,1.5968400239944458,0.9205600023269653,0.865909993648529,186.78199768066406,10.87600040435791,1.9824299812316895,10.802359580993652,1.1723191738128662,1.8825000524520874,1.8437800407409668,1.062999963760376,215.6999969482422,2.289370059967041,1.3538029193878174,0.8053100109100342,0.46424999833106995,94.21600341796875,0.5913485288619995,1.3621599674224854,0.785290002822876,310.1199951171875,159.35899353027344,17.36440086364746,9.277759552001953,3.6192800998687744,9.211970329284668,1.2740099430084229,45.02989959716797,16.523799896240234,0.0,0.0,0.0,0.0,0.0,0.0,0.0,0.0,0.0,0.0,0.0,0.0,0.0,0.0,0.0,0.0,0.0,0.0,0.0,0.0,0.0,0.0,0.0,0.0,0.0,0.0,0.0,0.0,0.0,0.0,0.0,0.0,0.0,0.0,0.0,0.0,0.0,0.0,0.0,0,0,0,0,0,0,0,0,0,0,0,0,0,0,0,0,0,0,0,0,0,0,0,0,0,0,0,0,0,0,0,0,0,0,0,0,0,0,0
2026-04-29,0.9831690192222595,0.5669400095939636,114.66300201416016,1.220579981803894,0.7187212109565735,116.62100219726562,1.76329505443573,1.7334699630737305,202.14700317382812,1.6304099559783936,1.6027799844741821,0.9244800209999084,0.8664399981498718,186.94200134277344,10.917699813842773,1.989799976348877,10.849599838256836,1.171783447265625,1.8816100358963013,1.8494999408721924,1.0667099952697754,215.7760009765625,2.2967801094055176,1.3524478673934937,0.8052800297737122,0.46445998549461365,93.92900085449219,0.588841438293457,1.367900013923645,0.7889900207519531,310.2980041503906,159.552001953125,17.384599685668945,9.313899993896484,3.6244399547576904,9.257719993591309,1.2760000228881836,45.060691833496094,16.528060913085938,0.0,0.0,0.0,0.0,0.0,0.0,0.0,0.0,0.0,0.0,0.0,0.0,0.0,0.0,0.0,0.0,0.0,0.0,0.0,0.0,0.0,0.0,0.0,0.0,0.0,0.0,0.0,0.0,0.0,0.0,0.0,0.0,0.0,0.0,0.0,0.0,0.0,0.0,0.0,0.9833930134773254,0.5671420097351074,114.70099639892578,1.2233099937438965,0.7191998958587646,117.19000244140625,1.7760100364685059,1.7349799871444702,202.88250732421875,1.6415200233459473,1.6027799844741821,0.925000011920929,0.8673400282859802,187.46200561523438,10.92549991607666,2.004300117492676,10.877650260925293,1.172195553779602,1.8934099674224854,1.850219964981079,1.0674400329589844,216.26800537109375,2.3122599124908447,1.3528138399124146,0.8057199716567993,0.46467000246047974,93.98899841308594,0.5892196297645569,1.370959997177124,0.7915499806404114,312.6940002441406,160.28799438476562,17.49920082092285,9.339949607849121,3.644049882888794,9.307430267333984,1.2807899713516235,45.11750030517578,16.791200637817383,0.97427898645401,0.5628119707107544,114.10600280761719,1.213670015335083,0.7121300101280212,116.58000183105469,1.7618039846420288,1.7291899919509888,202.061279296875,1.6297999620437622,1.5987099409103394,0.9229999780654907,0.8659999966621399,186.6699981689453,10.852700233459473,1.9878000020980835,10.83080005645752,1.1683608293533325,1.881100058555603,1.844249963760376,1.0648000240325928,215.49899291992188,2.295300006866455,1.3473457098007202,0.7974500060081482,0.4602999985218048,93.3949966430664,0.583168625831604,1.3670099973678589,0.7883099913597107,309.85699462890625,159.52099609375,17.367399215698242,9.273050308227539,3.621299982070923,9.254199981689453,1.2753000259399414,45.054100036621094,16.513200759887695,0.9832199811935425,0.5670199990272522,114.69200134277344,1.220329999923706,0.7189201712608337,116.63300323486328,1.7630150318145752,1.7335599660873413,202.17300415039062,1.630120038986206,1.6027799844741821,0.9244400262832642,0.8663899898529053,186.89999389648438,10.916199684143066,1.9883999824523926,10.849570274353027,1.1719344854354858,1.8814200162887573,1.8499699831008911,1.0668100118637085,215.80099487304688,2.2960000038146973,1.3526674509048462,0.8056600093841553,0.4646100103855133,93.9729995727539,0.5891501903533936,1.367840051651001,0.7888500094413757,310.06500244140625,159.5449981689453,17.37980079650879,9.31410026550293,3.6244499683380127,9.258179664611816,1.2759499549865723,45.06114959716797,16.519399642944336,0.0,0.0,0.0,0.0,0.0,0.0,0.0,0.0,0.0,0.0,0.0,0.0,0.0,0.0,0.0,0.0,0.0,0.0,0.0,0.0,0.0,0.0,0.0,0.0,0.0,0.0,0.0,0.0,0.0,0.0,0.0,0.0,0.0,0.0,0.0,0.0,0.0,0.0,0.0,0,0,0,0,0,0,0,0,0,0,0,0,0,0,0,0,0,0,0,0,0,0,0,0,0,0,0,0,0,0,0,0,0,0,0,0,0,0,0
2026-04-30,0.9739000201225281,0.5633999705314636,114.15499877929688,1.2204300165176392,0.7131141424179077,117.18099975585938,1.7742140293121338,1.7289899587631226,202.56520080566406,1.6389000415802002,1.5971200466156006,0.923799991607666,0.8662400245666504,187.1820068359375,10.891900062561035,2.000610113143921,10.872039794921875,1.168470025062561,1.8921899795532227,1.843500018119812,1.0662000179290771,216.05499267578125,2.3092899322509766,1.3488596677780151,0.7978000044822693,0.46129998564720154,93.53800201416016,0.584050714969635,1.3671300411224365,0.7905600070953369,312.43701171875,160.1840057373047,17.52589988708496,9.320549964904785,3.6438100337982178,9.304550170898438,1.2802900075912476,45.16600036621094,16.80573081970215,0.0,0.0,0.0,0.0,0.0,0.0,0.0,0.0,0.0,0.0,0.0,0.0,0.0,0.0,0.0,0.0,0.0,0.0,0.0,0.0,0.0,0.0,0.0,0.0,0.0,0.0,0.0,0.0,0.0,0.0,0.0,0.0,0.0,0.0,0.0,0.0,0.0,0.0,0.0,0.9797099828720093,0.5642330050468445,114.43299865722656,1.2224600315093994,0.7190799117088318,117.51399993896484,1.7843760251998901,1.7445399761199951,203.06500244140625,1.6406300067901611,1.6004999876022339,0.9238600134849548,0.8664799928665161,187.5540008544922,10.936400413513184,2.003469944000244,10.88623046875,1.17384672164917,1.8940900564193726,1.8498400449752808,1.066789984703064,216.5850067138672,2.3129000663757324,1.3592866659164429,0.802839994430542,0.4619700014591217,93.74600219726562,0.5895113945007324,1.3688100576400757,0.7922400236129761,314.9750061035156,160.70199584960938,17.580400466918945,9.363849639892578,3.6559898853302,9.337249755859375,1.2821099758148193,45.19889831542969,16.914199829101562,0.9729639887809753,0.5602399706840515,111.30000305175781,1.217270016670227,0.7110600471496582,113.92400360107422,1.7714790105819702,1.726688027381897,198.29733276367188,1.6299699544906616,1.5946999788284302,0.9152399897575378,0.8630499839782715,182.36500549316406,10.865480422973633,1.9875999689102173,10.818730354309082,1.165623426437378,1.8853100538253784,1.8410600423812866,1.0585700273513794,210.52099609375,2.2986199855804443,1.345532774925232,0.7965499758720398,0.459199994802475,91.3270034790039,0.5822992920875549,1.3603500127792358,0.7810500264167786,310.406005859375,155.55099487304688,17.47909927368164,9.29164981842041,3.627609968185425,9.233200073242188,1.2733900547027588,45.1348991394043,16.69179916381836,0.9742749929428101,0.563480019569397,114.16799926757812,1.220579981803894,0.7130124568939209,117.18599700927734,1.7742899656295776,1.729009985923767,202.63999938964844,1.6391500234603882,1.5971399545669556,0.9237099885940552,0.8662400245666504,187.1959991455078,10.891900062561035,2.0007901191711426,10.872170448303223,1.168770432472229,1.8921899795532227,1.8435900211334229,1.0662100315093994,216.0760040283203,2.309530019760132,1.348981499671936,0.7980700135231018,0.4615600109100342,93.53900146484375,0.5840098261833191,1.3671400547027588,0.7904000282287598,312.24798583984375,160.1929931640625,17.525299072265625,9.320549964904785,3.6444098949432373,9.30270004272461,1.2803800106048584,45.17060089111328,16.80820083618164,0.0,0.0,0.0,0.0,0.0,0.0,0.0,0.0,0.0,0.0,0.0,0.0,0.0,0.0,0.0,0.0,0.0,0.0,0.0,0.0,0.0,0.0,0.0,0.0,0.0,0.0,0.0,0.0,0.0,0.0,0.0,0.0,0.0,0.0,0.0,0.0,0.0,0.0,0.0,0,0,0,0,0,0,0,0,0,0,0,0,0,0,0,0,0,0,0,0,0,0,0,0,0,0,0,0,0,0,0,0,0,0,0,0,0,0,0
2026-05-01,0.9778000116348267,0.5628250241279602,113.02899932861328,1.2189799547195435,0.720079779624939,115.5999984741211,1.7764400243759155,1.737246036529541,200.86500549316406,1.6287399530410767,1.5926200151443481,0.9167400002479553,0.862280011177063,184.1490020751953,10.864350318908691,1.9855899810791016,10.829000473022461,1.172910451889038,1.888890027999878,1.8467700481414795,1.0629500150680542,213.53500366210938,2.3026599884033203,1.3602666854858398,0.8019520044326782,0.4615800082683563,92.71199798583984,0.5906988978385925,1.3579599857330322,0.7814000248908997,310.15301513671875,156.97799682617188,17.45989990234375,9.259289741516113,3.6270499229431152,9.23073959350586,1.2727999687194824,45.14099884033203,16.66659927368164,0.0,0.0,0.0,0.0,0.0,0.0,0.0,0.0,0.0,0.0,0.0,0.0,0.0,0.0,0.0,0.0,0.0,0.0,0.0,0.0,0.0,0.0,0.0,0.0,0.0,0.0,0.0,0.0,0.0,0.0,0.0,0.0,0.0,0.0,0.0,0.0,0.0,0.0,0.0,0.9804900288581848,0.5630239844322205,113.22599792480469,1.2210400104522705,0.7227198481559753,115.88600158691406,1.781229019165039,1.7437800168991089,201.30999755859375,1.633470058441162,1.5987600088119507,0.9177200198173523,0.8639000058174133,184.57699584960938,10.910619735717773,1.9937399625778198,10.84984016418457,1.1784532070159912,1.8933199644088745,1.852810025215149,1.0640599727630615,214.0290069580078,2.3103699684143066,1.3657844066619873,0.8035899996757507,0.461650013923645,92.88999938964844,0.5925012826919556,1.3587299585342407,0.7829499840736389,311.15301513671875,157.3090057373047,17.483400344848633,9.283670425415039,3.6313700675964355,9.251150131225586,1.273900032043457,45.183021545410156,16.75472068786621,0.9750000238418579,0.5608999729156494,111.94000244140625,1.217900037765503,0.7184697389602661,114.59100341796875,1.7746230363845825,1.734457015991211,199.4010009765625,1.6282999515533447,1.5916099548339844,0.9155099987983704,0.8619999885559082,182.6540069580078,10.852299690246582,1.9850000143051147,10.793720245361328,1.1719344854354858,1.886199951171875,1.8451999425888062,1.0606499910354614,211.81300354003906,2.3001999855041504,1.3588802814483643,0.7989000082015991,0.45899999141693115,91.71099853515625,0.5887599587440491,1.3550399541854858,0.777899980545044,307.0,155.51600646972656,17.37150001525879,9.241220474243164,3.6017000675201416,9.161060333251953,1.270359992980957,45.09225082397461,16.54490089416504,0.9777600169181824,0.5628039836883545,113.02799987792969,1.2188999652862549,0.7200300097465515,115.60299682617188,1.7765779495239258,1.7371200323104858,200.8719940185547,1.6289399862289429,1.592710018157959,0.9167900085449219,0.8622000217437744,184.17300415039062,10.865699768066406,1.9852999448776245,10.831819534301758,1.1730204820632935,1.88919997215271,1.8468899726867676,1.063099980354309,213.5659942626953,2.302730083465576,1.3603407144546509,0.8019300103187561,0.46160998940467834,92.73200225830078,0.5907198190689087,1.3580000400543213,0.7816600203514099,310.24200439453125,156.99400329589844,17.46150016784668,9.261690139770508,3.627039909362793,9.231719970703125,1.2732399702072144,45.14039993286133,16.671899795532227,0.0,0.0,0.0,0.0,0.0,0.0,0.0,0.0,0.0,0.0,0.0,0.0,0.0,0.0,0.0,0.0,0.0,0.0,0.0,0.0,0.0,0.0,0.0,0.0,0.0,0.0,0.0,0.0,0.0,0.0,0.0,0.0,0.0,0.0,0.0,0.0,0.0,0.0,0.0,0,0,0,0,0,0,0,0,0,0,0,0,0,0,0,0,0,0,0,0,0,0,0,0,0,0,0,0,0,0,0,0,0,0,0,0,0,0,0
2026-05-04,0.9795629978179932,0.5632200241088867,113.08699798583984,1.2208319902420044,0.7212925553321838,115.4229965209961,1.7751270532608032,1.7392499446868896,200.78399658203125,1.6262099742889404,1.5928000211715698,0.9159700274467468,0.863349974155426,183.9429931640625,10.887479782104492,1.9853500127792358,10.80370044708252,1.1726628541946411,1.8834500312805176,1.8451000452041626,1.0608099699020386,213.01600646972656,2.299329996109009,1.3581420183181763,0.8023729920387268,0.46125999093055725,92.61900329589844,0.5906500220298767,1.3588099479675293,0.7811300158500671,308.3550109863281,156.8459930419922,17.44659996032715,9.283900260925293,3.618880033493042,9.211480140686035,1.2727700471878052,45.185298919677734,16.57720947265625,0.0,0.0,0.0,0.0,0.0,0.0,0.0,0.0,0.0,0.0,0.0,0.0,0.0,0.0,0.0,0.0,0.0,0.0,0.0,0.0,0.0,0.0,0.0,0.0,0.0,0.0,0.0,0.0,0.0,0.0,0.0,0.0,0.0,0.0,0.0,0.0,0.0,0.0,0.0,0.9802190065383911,0.563621997833252,113.322998046875,1.221269965171814,0.721700131893158,115.68699645996094,1.7810709476470947,1.741260051727295,201.31199645996094,1.6326700448989868,1.595289945602417,0.9177500009536743,0.8646000027656555,184.3979949951172,10.891400337219238,1.992550015449524,10.858530044555664,1.17384672164917,1.8884600400924683,1.8480600118637085,1.0622999668121338,213.6060028076172,2.3048501014709473,1.360063076019287,0.8049600124359131,0.4622899889945984,92.97000122070312,0.5927084684371948,1.3618600368499756,0.7846500277519226,311.67999267578125,157.27699279785156,17.518400192260742,9.293049812316895,3.64411997795105,9.284549713134766,1.2771799564361572,45.20185852050781,16.833799362182617,0.9750499725341797,0.5612000226974487,112.40399932861328,1.216599941253662,0.7163200974464417,114.68699645996094,1.7724210023880005,1.7344130277633667,199.72535705566406,1.625830054283142,1.5911999940872192,0.9155499935150146,0.8628000020980835,182.8990020751953,10.819700241088867,1.9803999662399292,10.796899795532227,1.1690847873687744,1.8832099437713623,1.841130018234253,1.0595999956130981,211.8939971923828,2.2939000129699707,1.3526674509048462,0.7987499833106995,0.4586000144481659,92.27999877929688,0.5870198011398315,1.3581899404525757,0.7800599932670593,308.0249938964844,155.81500244140625,17.408300399780273,9.248149871826172,3.615000009536743,9.193079948425293,1.2718000411987305,45.16960144042969,16.558300018310547,0.979449987411499,0.5631300210952759,113.10299682617188,1.2199000120162964,0.7209805250167847,115.45500183105469,1.7750320434570312,1.7390999794006348,200.81900024414062,1.6263200044631958,1.592900037765503,0.9160199761390686,0.863349974155426,183.98800659179688,10.886699676513672,1.9855400323867798,10.801609992980957,1.1726078987121582,1.883620023727417,1.8450700044631958,1.0609099864959717,213.07400512695312,2.299760103225708,1.3581420183181763,0.8021699786186218,0.4612399935722351,92.63700103759766,0.590569794178009,1.3588000535964966,0.7812299728393555,308.489013671875,156.89999389648438,17.44729995727539,9.283479690551758,3.619110107421875,9.21111011505127,1.27292001247406,45.184600830078125,16.580699920654297,0.0,0.0,0.0,0.0,0.0,0.0,0.0,0.0,0.0,0.0,0.0,0.0,0.0,0.0,0.0,0.0,0.0,0.0,0.0,0.0,0.0,0.0,0.0,0.0,0.0,0.0,0.0,0.0,0.0,0.0,0.0,0.0,0.0,0.0,0.0,0.0,0.0,0.0,0.0,0,0,0,0,0,0,0,0,0,0,0,0,0,0,0,0,0,0,0,0,0,0,0,0,0,0,0,0,0,0,0,0,0,0,0,0,0,0,0
2026-05-05,0.9762449860572815,0.5618990063667297,112.6500015258789,1.2205300331115723,0.7167482376098633,115.39600372314453,1.7793279886245728,1.7372000217437744,200.47613525390625,1.6312299966812134,1.5923399925231934,0.9165300130844116,0.8640099763870239,183.781005859375,10.841500282287598,1.9901000261306763,10.858070373535156,1.1691941022872925,1.8877999782562256,1.8430299758911133,1.0607500076293945,212.6820068359375,2.3042099475860596,1.353143334388733,0.7996299862861633,0.4602600038051605,92.2699966430664,0.58724045753479,1.3621100187301636,0.7839699983596802,310.656005859375,157.19400024414062,17.519899368286133,9.270649909973145,3.6406400203704834,9.28654956817627,1.2768399715423584,45.21440124511719,16.788000106811523,0.0,0.0,0.0,0.0,0.0,0.0,0.0,0.0,0.0,0.0,0.0,0.0,0.0,0.0,0.0,0.0,0.0,0.0,0.0,0.0,0.0,0.0,0.0,0.0,0.0,0.0,0.0,0.0,0.0,0.0,0.0,0.0,0.0,0.0,0.0,0.0,0.0,0.0,0.0,0.9793890118598938,0.5628650188446045,113.45899963378906,1.2216600179672241,0.719750165939331,115.93499755859375,1.7867029905319214,1.7423100471496582,201.7760009765625,1.6370699405670166,1.5943100452423096,0.9167100191116333,0.8641999959945679,184.66200256347656,10.848690032958984,1.9937000274658203,10.877269744873047,1.1716461181640625,1.8948899507522583,1.8475799560546875,1.0618400573730469,214.0570068359375,2.3072400093078613,1.357810139656067,0.8036800026893616,0.46160998940467834,93.08599853515625,0.5906500220298767,1.3628699779510498,0.7847499847412109,312.8609924316406,157.8350067138672,17.530899047851562,9.288949966430664,3.646359920501709,9.315329551696777,1.2778700590133667,45.222198486328125,16.838729858398438,0.9718999862670898,0.5590000152587891,112.19400024414062,1.214900016784668,0.713630199432373,115.35145568847656,1.7752530574798584,1.7355680465698242,200.39199829101562,1.626979947090149,1.590399980545044,0.914900004863739,0.8623800277709961,183.64999389648438,10.799099922180176,1.982800006866455,10.816439628601074,1.1677467823028564,1.8858699798583984,1.8411699533462524,1.0598000288009644,212.5489959716797,2.298069953918457,1.3514426946640015,0.7979000210762024,0.45809999108314514,92.11699676513672,0.5858608484268188,1.3604300022125244,0.7813000082969666,308.04901123046875,157.12100219726562,17.36039924621582,9.233269691467285,3.6226999759674072,9.236729621887207,1.274399995803833,45.2015495300293,16.610700607299805,0.9761599898338318,0.5619099736213684,112.66799926757812,1.2205499410629272,0.7167497873306274,115.41200256347656,1.7792960405349731,1.7370599508285522,200.51048278808594,1.631160020828247,1.5923399925231934,0.9165800213813782,0.8640099763870239,183.80999755859375,10.839489936828613,1.9902000427246094,10.858139991760254,1.1691941022872925,1.8877700567245483,1.8427599668502808,1.0605000257492065,212.71600341796875,2.3036999702453613,1.353179931640625,0.7996000051498413,0.45989999175071716,92.29499816894531,0.5872507691383362,1.362030029296875,0.7839900255203247,310.3190002441406,157.2050018310547,17.521099090576172,9.270649909973145,3.640389919281006,9.28950023651123,1.276859998703003,45.2130012512207,16.792400360107422,0.0,0.0,0.0,0.0,0.0,0.0,0.0,0.0,0.0,0.0,0.0,0.0,0.0,0.0,0.0,0.0,0.0,0.0,0.0,0.0,0.0,0.0,0.0,0.0,0.0,0.0,0.0,0.0,0.0,0.0,0.0,0.0,0.0,0.0,0.0,0.0,0.0,0.0,0.0,0,0,0,0,0,0,0,0,0,0,0,0,0,0,0,0,0,0,0,0,0,0,0,0,0,0,0,0,0,0,0,0,0,0,0,0,0,0,0
2026-05-06,0.9799200296401978,0.5628399848937988,113.58200073242188,1.2203099727630615,0.7203900218009949,115.89099884033203,1.776324987411499,1.7407699823379517,201.75799560546875,1.6262600421905518,1.593709945678711,0.9154000282287598,0.8634999990463257,184.73899841308594,10.833009719848633,1.9845800399780273,10.826709747314453,1.1715774536132812,1.8834400177001953,1.8457399606704712,1.060130000114441,213.94700622558594,2.298340082168579,1.3568705320358276,0.8028579950332642,0.4610700011253357,93.06400299072266,0.5903292298316956,1.3603500127792358,0.7813799977302551,307.9230041503906,157.677001953125,17.33769989013672,9.246359825134277,3.6217799186706543,9.238160133361816,1.2740600109100342,45.22959899902344,16.576229095458984,0.0,0.0,0.0,0.0,0.0,0.0,0.0,0.0,0.0,0.0,0.0,0.0,0.0,0.0,0.0,0.0,0.0,0.0,0.0,0.0,0.0,0.0,0.0,0.0,0.0,0.0,0.0,0.0,0.0,0.0,0.0,0.0,0.0,0.0,0.0,0.0,0.0,0.0,0.0,0.988510012626648,0.5660039782524109,114.29900360107422,1.2205899953842163,0.7277384996414185,116.08599853515625,1.7763299942016602,1.748729944229126,202.0070037841797,1.6262099742889404,1.6028200387954712,0.9175599813461304,0.8648399710655212,185.0330047607422,10.948699951171875,1.984820008277893,10.856100082397461,1.1796625852584839,1.8834099769592285,1.8549100160598755,1.0622899532318115,214.21200561523438,2.2987000942230225,1.3643310070037842,0.8134700059890747,0.46542999148368835,93.71900177001953,0.5990283489227295,1.3625099658966064,0.7819600105285645,308.2200012207031,157.88900756835938,17.338199615478516,9.29088020324707,3.623650074005127,9.254050254821777,1.274109959602356,45.236328125,16.587200164794922,0.9798099994659424,0.5628669857978821,112.38500213623047,1.2130000591278076,0.7203500270843506,114.1259994506836,1.7655370235443115,1.7382999658584595,198.95399475097656,1.6184099912643433,1.593000054359436,0.9146100282669067,0.8626999855041504,182.06300354003906,10.798700332641602,1.9691799879074097,10.79185962677002,1.1712619066238403,1.873829960823059,1.844099998474121,1.058840036392212,210.77999877929688,2.277100086212158,1.3564103841781616,0.8026800155639648,0.46108999848365784,92.24600219726562,0.590238630771637,1.3577899932861328,0.7771999835968018,303.1499938964844,155.0469970703125,17.193899154663086,9.195340156555176,3.5824999809265137,9.16510009765625,1.2656699419021606,45.191558837890625,16.27720069885254,0.9798099994659424,0.5628669857978821,113.56999969482422,1.2204500436782837,0.7203500270843506,115.87799835205078,1.7763299942016602,1.7407900094985962,201.76129150390625,1.6262099742889404,1.5935300588607788,0.9153800010681152,0.8633800148963928,184.7030029296875,10.830920219421387,1.984820008277893,10.823800086975098,1.1715089082717896,1.8834099769592285,1.8455400466918945,1.0601199865341187,213.92599487304688,2.2987000942230225,1.3568521738052368,0.8026800155639648,0.46108999848365784,93.04100036621094,0.590238630771637,1.3604099750518799,0.7814099788665771,307.8299865722656,157.6649932861328,17.338199615478516,9.244210243225098,3.6221299171447754,9.239270210266113,1.273800015449524,45.213871002197266,16.572799682617188,0.0,0.0,0.0,0.0,0.0,0.0,0.0,0.0,0.0,0.0,0.0,0.0,0.0,0.0,0.0,0.0,0.0,0.0,0.0,0.0,0.0,0.0,0.0,0.0,0.0,0.0,0.0,0.0,0.0,0.0,0.0,0.0,0.0,0.0,0.0,0.0,0.0,0.0,0.0,0,0,0,0,0,0,0,0,0,0,0,0,0,0,0,0,0,0,0,0,0,0,0,0,0,0,0,0,0,0,0,0,0,0,0,0,0,0,0
2026-05-07,0.9865900278091431,0.5634949803352356,113.22899627685547,1.215190052986145,0.7235099673271179,114.75900268554688,1.7742140293121338,1.7506599426269531,200.91961669921875,1.6235899925231934,1.6019400358200073,0.9149199724197388,0.8642799854278564,183.8509979248047,10.916279792785645,1.973039984703064,10.8571195602417,1.1747430562973022,1.8784300088882446,1.8530000448226929,1.0584900379180908,212.69200134277344,2.2825300693511963,1.3591758012771606,0.8115900158882141,0.4636000096797943,93.1520004272461,0.5953586101531982,1.3636900186538696,0.7788599729537964,304.35400390625,156.50799560546875,17.253999710083008,9.292130470275879,3.602449893951416,9.237549781799316,1.267699956893921,45.227901458740234,16.399499893188477,0.0,0.0,0.0,0.0,0.0,0.0,0.0,0.0,0.0,0.0,0.0,0.0,0.0,0.0,0.0,0.0,0.0,0.0,0.0,0.0,0.0,0.0,0.0,0.0,0.0,0.0,0.0,0.0,0.0,0.0,0.0,0.0,0.0,0.0,0.0,0.0,0.0,0.0,0.0,0.9896230101585388,0.5649290084838867,113.57099914550781,1.216729998588562,0.7265002727508545,114.81400299072266,1.77593994140625,1.7554800510406494,201.24081420898438,1.625100016593933,1.605679988861084,0.9157199859619141,0.8646000027656555,184.1580047607422,10.942259788513184,1.9739899635314941,10.866069793701172,1.177994966506958,1.8802000284194946,1.8583600521087646,1.059749960899353,213.11900329589844,2.283489942550659,1.3631964921951294,0.8153619766235352,0.46533000469207764,93.5469970703125,0.5984190106391907,1.3643900156021118,0.779259979724884,305.0559997558594,156.51100158691406,17.259599685668945,9.307900428771973,3.603140115737915,9.249449729919434,1.2685199975967407,45.24713897705078,16.41309928894043,0.9858999848365784,0.5626000165939331,113.01300048828125,1.2117999792099,0.7232901453971863,114.48999786376953,1.7689720392227173,1.7492619752883911,200.44947814941406,1.6196999549865723,1.601199984550476,0.9144600033760071,0.8634999990463257,183.50999450683594,10.841500282287598,1.965999960899353,10.814840316772461,1.1746740341186523,1.8746600151062012,1.8530100584030151,1.0580999851226807,212.29600524902344,2.2751998901367188,1.3590649366378784,0.8113800287246704,0.46209999918937683,92.9739990234375,0.5951601266860962,1.3619999885559082,0.7766000032424927,301.25,156.03599548339844,17.18589973449707,9.207050323486328,3.5855000019073486,9.188150405883789,1.2648999691009521,45.20336151123047,16.217599868774414,0.9864299893379211,0.5635150074958801,113.23600006103516,1.215142011642456,0.7235397696495056,114.77400207519531,1.7742769718170166,1.7506500482559204,200.9419708251953,1.6236399412155151,1.6017999649047852,0.9149799942970276,0.864329993724823,183.87899780273438,10.916540145874023,1.9731299877166748,10.853650093078613,1.1748120784759521,1.8783199787139893,1.8530100584030151,1.0584499835968018,212.72300720214844,2.2825100421905518,1.3590649366378784,0.8116300106048584,0.46355998516082764,93.16699981689453,0.5954117774963379,1.3636000156402588,0.7788500189781189,304.3500061035156,156.51100158691406,17.253299713134766,9.289640426635742,3.602869987487793,9.237950325012207,1.2682499885559082,45.20417022705078,16.392000198364258,0.0,0.0,0.0,0.0,0.0,0.0,0.0,0.0,0.0,0.0,0.0,0.0,0.0,0.0,0.0,0.0,0.0,0.0,0.0,0.0,0.0,0.0,0.0,0.0,0.0,0.0,0.0,0.0,0.0,0.0,0.0,0.0,0.0,0.0,0.0,0.0,0.0,0.0,0.0,0,0,0,0,0,0,0,0,0,0,0,0,0,0,0,0,0,0,0,0,0,0,0,0,0,0,0,0,0,0,0,0,0,0,0,0,0,0,0
2026-05-08,0.9911500215530396,0.5628399848937988,113.57599639892578,1.215149998664856,0.7248477339744568,114.57599639892578,1.7755999565124512,1.7596999406814575,201.77200317382812,1.6258000135421753,1.6115000247955322,0.9150999784469604,0.864329993724823,184.6540069580078,10.839200019836426,1.9756300449371338,10.867409706115723,1.1784114837646484,1.8807899951934814,1.864359974861145,1.058590054512024,213.62399291992188,2.285449981689453,1.3629177808761597,0.8155400156974792,0.4630799889564514,93.4469985961914,0.5963740348815918,1.3680299520492554,0.7767999768257141,300.49200439453125,156.74899291992188,17.184999465942383,9.200849533081055,3.59660005569458,9.225350379943848,1.2667900323867798,45.35219955444336,16.360300064086914,0.0,0.0,0.0,0.0,0.0,0.0,0.0,0.0,0.0,0.0,0.0,0.0,0.0,0.0,0.0,0.0,0.0,0.0,0.0,0.0,0.0,0.0,0.0,0.0,0.0,0.0,0.0,0.0,0.0,0.0,0.0,0.0,0.0,0.0,0.0,0.0,0.0,0.0,0.0,0.9930400252342224,0.5636399984359741,113.59700012207031,1.2160199880599976,0.7250580191612244,114.93399810791016,1.77839994430542,1.7630000114440918,201.906005859375,1.6287399530410767,1.6149400472640991,0.9161099791526794,0.8655999898910522,184.67300415039062,10.926819801330566,1.9778499603271484,10.891630172729492,1.1789672374725342,1.882599949836731,1.8677500486373901,1.0598000288009644,213.64300537109375,2.2876200675964355,1.3631221055984497,0.8173900246620178,0.46445000171661377,93.54299926757812,0.5970505475997925,1.3710099458694458,0.7809200286865234,304.6000061035156,156.99200439453125,17.312000274658203,9.316619873046875,3.609450101852417,9.28892993927002,1.2696199417114258,45.387298583984375,16.49090003967285,0.9829099774360657,0.5610499978065491,112.87000274658203,1.2114100456237793,0.7203572988510132,114.13500213623047,1.7736999988555908,1.7484999895095825,200.85400390625,1.6241199970245361,1.6006699800491333,0.9139500260353088,0.8638299703598022,183.68699645996094,10.80601978302002,1.9714100360870361,10.817339897155762,1.1728830337524414,1.877519965171814,1.84961998462677,1.0558700561523438,212.3470001220703,2.2788000106811523,1.3547013998031616,0.8092899918556213,0.4595299959182739,93.06199645996094,0.593436598777771,1.363800048828125,0.7761200070381165,300.2980041503906,156.4250030517578,17.18400001525879,9.182909965515137,3.5869998931884766,9.18772029876709,1.2664799690246582,45.14149856567383,16.32670021057129,0.9840499758720398,0.5616700053215027,113.03399658203125,1.212689995765686,0.7210325598716736,114.81999969482422,1.7776999473571777,1.749899983406067,201.08299255371094,1.6264699697494507,1.6015599966049194,0.9142900109291077,0.8648800253868103,183.93299865722656,10.905909538269043,1.973099946975708,10.872099876403809,1.1730204820632935,1.8791099786758423,1.8507399559020996,1.056439995765686,212.5919952392578,2.279939889907837,1.3553073406219482,0.8110499978065491,0.4623500108718872,93.18900299072266,0.5942476391792297,1.3661799430847168,0.7797799706459045,303.75,156.875,17.301000595092773,9.292790412902832,3.6045000553131104,9.26200008392334,1.2685699462890625,45.33879852294922,16.442829132080078,0.0,0.0,0.0,0.0,0.0,0.0,0.0,0.0,0.0,0.0,0.0,0.0,0.0,0.0,0.0,0.0,0.0,0.0,0.0,0.0,0.0,0.0,0.0,0.0,0.0,0.0,0.0,0.0,0.0,0.0,0.0,0.0,0.0,0.0,0.0,0.0,0.0,0.0,0.0,0,0,0,0,0,0,0,0,0,0,0,0,0,0,0,0,0,0,0,0,0,0,0,0,0,0,0,0,0,0,0,0,0,0,0,0,0,0,0
